{
  "Blue FCU": 9128.122636792796,
  "Salem Five Direct": 1692.8656192371363,
  "SmartyPig": 1672.6655068788023,
  "Ally Bank": 1583.978021642497,
  "Discover": 1555.7195596028014,
  "American Express": 1550.5350317851317,
  "FNBO Direct": 1448.601599648504,
  "iGObanking": 1141.591179400055,
  "Presidential Bank (MD)": 750.9168020966354,
  "USAA Bank": 616.8233557014446,
  "First Internet Bank": 610.451204080664,
  "Abound Credit Union": 525.472969409122,
  "Northrop Grumman FCU": 384.9174386307095,
  "Credit Human": 332.05019698174874,
  "Charles Schwab Bank": 324.0474638028936,
  "University FCU": 317.9346195752187,
  "Teachers FCU": 300.52167936311344,
  "Wings Financial Credit Union": 259.50066226601666,
  "Northwest FCU": 247.67407980815187,
  "Country Bank (MA)": 239.05832887779252,
  "UNIFY Financial Credit": 234.03538471381762,
  "Mountain America Credit": 169.44580331767793,
  "NASA FCU": 148.4469326433009,
  "Allegacy FCU": 143.65185045461294,
  "Orion FCU": 95.58248476109293,
  "People's Credit Union": 78.63625193555345,
  "Consumers Credit Union": 65.23647456991421,
  "Salem Five": 64.51951893137812
}