{
  "Digital FCU (DCU)": 468.71576193994224,
  "Blue FCU": 378.1832486721596,
  "Service Credit Union": 378.1832486721596,
  "Workers Credit Union": 267.8287505842036,
  "Affinity FCU": 223.68846124435913,
  "Bask Bank": 181.56957491031426,
  "First Foundation": 173.24126755957332,
  "BrioDirect": 168.72444096358413,
  "My Banking Direct": 168.02546826988328,
  "Vio Bank": 165.35139636098938,
  "CIT Bank": 163.438504927768,
  "TAB Bank": 161.7403062129506,
  "SoFi Bank, N.A": 160.05661194203822,
  "Prime Alliance": 157.87990126669683,
  "Personal Capital": 157.49553635598204,
  "CIBC Bank USA": 155.36171539820862,
  "Valleydirect": 155.18587466798635,
  "Citizens Access": 153.61462993131136,
  "USALLIANCE": 152.09901740024907,
  "Quontic Bank": 152.08511837996957,
  "Salem Five Direct": 151.11931515999458,
  "DollarSavingsDirect": 151.09989231912186,
  "Synchrony Bank": 150.0269352862615,
  "Rising Bank": 146.48217900412055,
  "Northpointe Bank": 143.6608900459396,
  "Live Oak Bank": 141.57742269340088,
  "Barclays": 141.04947808188263,
  "Betterment": 141.049176055094,
  "Capital One": 137.5355772755447,
  "Marcus by Goldman": 137.10520276771967,
  "SmartyPig": 137.0495952448564,
  "Sallie Mae Bank": 135.79989524281154,
  "Discover": 135.68892726226113,
  "Ally Bank": 134.3145612148346,
  "ConnectOne Bank": 132.92610393499308,
  "SFGI Direct": 132.72111838754245,
  "American Express": 131.0944222808139,
  "Affirm": 126.76531633035302,
  "Colorado Federal Savings": 126.704721649352,
  "TIAA Bank": 126.08586125977308,
  "Quorum FCU": 123.56174275660487,
  "Alliant Credit Union": 121.88423532807246,
  "FNBO Direct": 118.00253271914335,
  "EmigrantDirect.com": 117.75330807216778,
  "Heritage Bank": 116.73276512310986,
  "MySavingsDirect": 111.29586082769856,
  "PenFed Credit Union": 99.68321793628093,
  "Lafayette FCU": 99.10994790344921,
  "CNB Bank Direct": 97.83730842530531,
  "Lake Michigan Credit": 90.48706117182883,
  "Bank5 Connect": 75.48762562289448,
  "Bank Onward (Bo)": 70.74126831738249,
  "Revolut": 69.01052513563627,
  "Langley FCU": 65.21053816484891,
  "Flagstar Bank": 62.784340917693044,
  "Amalgamated Bank": 61.516164285552804,
  "Elements Financial": 59.600781060984446,
  "Patelco Credit Union": 58.52544997309269,
  "Third Federal Savings and": 53.91127200298615,
  "Axos Bank": 45.392746867177266,
  "Pelican State Credit": 44.660694430476724,
  "First Internet Bank": 44.45425269853331,
  "Principal Bank": 41.213021528252284,
  "State Bank of India": 38.71829452060592,
  "Technology Credit Union": 38.36352896410972,
  "SEFCU": 37.98934207766433,
  "FACILE": 37.19202473049154,
  "iGObanking": 37.19202473049154,
  "Thrivent FCU": 36.25979756442757,
  "Newtown Savings": 35.927122140030406,
  "Presidential Bank (MD)": 34.854896606211696,
  "Chevron FCU": 34.44250051780364,
  "Spectrum Credit Union": 34.23631797517737,
  "USAA Bank": 33.83763003541753,
  "First Technology FCU": 32.97180996952193,
  "Wells Fargo Bank": 32.28403980846815,
  "MutualOne Bank": 29.74261104319703,
  "PurePoint Financial": 29.74261104319703,
  "KS StateBank": 28.28630265683023,
  "North American Savings": 26.074896748688843,
  "Visions FCU": 24.68780544673791,
  "American 1 Credit Union": 24.577973111416213,
  "The Delaware National Bank": 22.790192146898335,
  "Empower FCU": 22.751761755189364,
  "Premier America Credit": 22.298705783101468,
  "Pen Air Credit Union": 22.224294534416913,
  "Credit Human": 20.445450676117616,
  "Parda FCU": 20.39054384366318,
  "Hughes FCU": 20.006203519151313,
  "Alabama Credit Union": 19.32268512981136,
  "BECU (Boeing Employees Credit": 19.012470627560106,
  "Charles Schwab Bank": 18.913663414492476,
  "Connexus Credit Union": 18.578817545005222,
  "Georgia Banking Company": 18.578817545005222,
  "Nationwide by Axos Bank": 18.578817545005222,
  "BankPurely": 18.578817545005222,
  "Hope FCU": 18.578817545005222,
  "Allegacy FCU": 16.492940967624236,
  "Northrop Grumman FCU": 16.465540154094924,
  "Pennsylvania State Employees": 15.203256425209474,
  "Interior FCU": 14.860304892126805,
  "Spectra Credit Union": 12.500887832791705,
  "American Heritage FCU": 11.88648485090016,
  "Utah First FCU": 11.431153321167585,
  "Wings Financial Credit Union": 11.14316731771396,
  "Northfield Bank": 11.14316731771396,
  "Latino Credit Union": 11.14316731771396,
  "Self-Help FCU": 11.14316731771396,
  "Self-Help Credit Union": 11.14316731771396,
  "TBK Bank": 11.14316731771396,
  "Abound Credit Union": 11.14316731771396,
  "United FCU": 7.427404315125386,
  "OneUnited Bank": 7.427404315125386,
  "BankMD": 7.427404315125386,
  "Peoples Security Bank and": 7.427404315125386,
  "UNIFY Financial Credit": 7.427404315125386,
  "Manasquan Bank": 7.427404315125386,
  "Marine FCU": 7.427404315125386,
  "Zeal Credit Union": 7.427404315125386,
  "Veridian Credit Union": 7.427404315125386,
  "Affinity Plus FCU": 7.427404315125386,
  "ableBanking": 7.427404315125386,
  "Pacific National Bank": 7.427404315125386,
  "NASA FCU": 7.427404315125386,
  "Financial Partners Credit": 7.427404315125386,
  "State Department FCU": 7.427404315125386,
  "La Capitol FCU": 7.427404315125386,
  "Bellco Credit Union": 7.427404315125386,
  "MapleMark Bank": 7.427404315125386,
  "Hanscom FCU": 7.427404315125386,
  "Securityplus": 7.427404315125386,
  "U S Postal Service FCU": 7.427404315125386,
  "Hiway Credit Union": 7.427404315125386,
  "First Flight FCU": 7.427404315125386,
  "Teachers FCU": 6.604911526936121,
  "United States Senate": 5.988086298088092,
  "Summit Credit Union (WI)": 5.198606097284937,
  "Country Bank (MA)": 4.329700358721311,
  "Community Bank, National": 4.233768847594547,
  "People's Credit Union": 3.71301537799809,
  "Sidney FCU": 3.71301537799809,
  "Chartway FCU": 3.71301537799809,
  "Louisiana National Bank": 3.71301537799809,
  "The Adirondack Trust": 3.71301537799809,
  "RTN FCU": 3.71301537799809,
  "Mountain America Credit": 3.71301537799809,
  "California Coast Credit": 3.71301537799809,
  "Premier Members Credit": 3.71301537799809,
  "Kinecta FCU": 3.71301537799809,
  "Community Bank of": 3.71301537799809,
  "Northwest FCU": 3.71301537799809,
  "Department Of Commerce": 3.71301537799809,
  "Wayne Bank": 3.71301537799809,
  "Investors Bank": 3.71301537799809,
  "Salal Credit Union": 3.71301537799809,
  "State Bank of Texas (SBT)": 3.532128129601915,
  "Sun East FCU": 3.5129429347962287,
  "Achieva Credit Union": 3.1265141497970035,
  "Pima FCU": 3.0004453362726053,
  "Liberty FCU": 2.561970367336471,
  "NBT Bank, National": 2.2276444281415024,
  "Consumers Credit Union": 2.2276444281415024,
  "Princeton FCU": 2.2276444281415024,
  "Santander Bank, N.A": 2.2276444281415024,
  "Armed Forces Bank": 2.2276444281415024,
  "Industrial Bank": 1.4850413563635811,
  "Chemung Canal Trust": 1.4850413563635811,
  "City National Bank": 1.4850413563635811,
  "TD Bank": 1.4850413563635811,
  "Great Lakes Credit Union": 1.2247320287315233,
  "Union Bank (San Francisco,": 0.7424932154062844,
  "Bank of America": 0.7424932154062844,
  "Chase Bank": 0.7424932154062844,
  "KeyBank": 0.7424932154062844,
  "Orion FCU": 0.7424932154062844,
  "Citizens Bank (RI)": 0.7424932154062844,
  "M&T Bank": 0.7424932154062844,
  "University FCU": 0.7424932154062844,
  "PNC Bank": 0.7424932154062844,
  "US Bank": 0.7424932154062844,
  "Comerica Bank": 0.7424932154062844,
  "Salem Five": 0.7424932154062844
}