{
  "Digital FCU (DCU)": 203.17843873915626,
  "Blue FCU": 164.33827339700838,
  "Service Credit Union": 164.33827339700838,
  "Andrews FCU": 164.33827339700838,
  "Workers Credit Union": 116.7362039822874,
  "Affinity FCU": 114.75758896575826,
  "Bask Bank": 112.97315813166279,
  "First Foundation": 111.12822253264676,
  "Vio Bank": 109.08974948588548,
  "DollarSavingsDirect": 108.90154626109506,
  "BrioDirect": 108.43622918495385,
  "CIT Bank": 105.93595968143381,
  "Bread Financial": 104.41341857253974,
  "My Banking Direct": 104.20575987791744,
  "Salem Five Direct": 103.70729407992258,
  "Personal Capital": 103.62450870801695,
  "TAB Bank": 103.57471246508794,
  "Valleydirect": 100.51066314238415,
  "Prime Alliance": 99.53446202369923,
  "Northpointe Bank": 99.40447313875302,
  "CIBC Bank USA": 99.25223605404062,
  "Citizens Access": 99.10004717814809,
  "Synchrony Bank": 97.9657698758183,
  "Rising Bank": 97.49555271213103,
  "Betterment": 96.94226762109611,
  "SoFi Bank, N.A": 95.31044336321247,
  "USALLIANCE": 95.24139305375502,
  "Quontic Bank": 92.44842262217753,
  "SmartyPig": 91.72966446042483,
  "Sallie Mae Bank": 91.66053437176197,
  "Barclays": 91.64668439095476,
  "Capital One": 91.46698861554614,
  "Live Oak Bank": 90.37504412912676,
  "Marcus by Goldman": 89.54579925947473,
  "Affirm": 89.43512460653437,
  "Discover": 89.28321455908008,
  "ConnectOne Bank": 87.95622454957993,
  "Ally Bank": 87.48679156724029,
  "American Express": 87.22424234096434,
  "Heritage Bank": 85.33977144972596,
  "TIAA Bank": 85.24856527725024,
  "SFGI Direct": 85.10769696451825,
  "Quorum FCU": 84.04688994103162,
  "Colorado Federal Savings": 82.51376267230808,
  "MySavingsDirect": 81.07683130062105,
  "FNBO Direct": 79.33772220488754,
  "Laurel Road": 78.95118536312293,
  "Seattle Bank": 78.88212257427949,
  "Alliant Credit Union": 77.11521585454466,
  "EmigrantDirect.com": 75.62457479086515,
  "CNB Bank Direct": 71.69460912030445,
  "Lafayette FCU": 71.42415535505825,
  "Revolut": 65.76414575799936,
  "Lake Michigan Credit": 63.21080905798226,
  "Dover FCU": 61.90150068647199,
  "PenFed Credit Union": 61.6396327034945,
  "Patelco Credit Union": 56.43129153508562,
  "Westmark Credit Union": 51.15930342038155,
  "Bank5 Connect": 49.02287557946147,
  "Langley FCU": 44.41240107470003,
  "Flagstar Bank": 43.064223023555314,
  "Amalgamated Bank": 42.62390507621785,
  "Elements Financial": 34.552129270383375,
  "Third Federal Savings and": 34.01613874945542,
  "Bank Onward (Bo)": 32.65549639978053,
  "One Finance": 32.65549639978053,
  "Wells Fargo Bank": 31.866265777060107,
  "Principal Bank": 29.102163307228693,
  "SEFCU": 28.3685195927701,
  "First Internet Bank": 26.115948834096343,
  "USAA Bank": 25.580322638757934,
  "Pelican State Credit": 23.712764344762036,
  "Thrivent FCU": 22.630813499505166,
  "State Bank of India": 21.95536762019219,
  "Newtown Savings": 20.81597218607203,
  "First Technology FCU": 20.59634062754776,
  "Technology Credit Union": 20.560656871102765,
  "KS StateBank": 20.10218852336402,
  "Axos Bank": 19.907293809032126,
  "Chevron FCU": 19.77277932722609,
  "Spectrum Credit Union": 19.59434885306291,
  "Visions FCU": 17.49460586135865,
  "Presidential Bank (MD)": 16.314551984189166,
  "FACILE": 16.314551984189166,
  "iGObanking": 16.314551984189166,
  "The Delaware National Bank": 15.491334979054955,
  "North American Savings": 14.38010331845544,
  "Allegacy FCU": 14.33894213043095,
  "American 1 Credit Union": 13.927413967609027,
  "BECU (Boeing Employees Credit": 13.5707602852126,
  "Empower FCU": 13.447309718952965,
  "Charles Schwab Bank": 13.370497527806947,
  "MutualOne Bank": 13.04953154634677,
  "PurePoint Financial": 13.04953154634677,
  "Pennsylvania State Employees": 11.82884368044688,
  "Hughes FCU": 11.63684333089077,
  "Credit Human": 10.01867038634009,
  "Parda FCU": 9.963820687222324,
  "Premier America Credit": 9.785566467180615,
  "Pen Air Credit Union": 9.752932144845545,
  "Northrop Grumman FCU": 9.579888515176208,
  "Spectra Credit Union": 9.319345030811746,
  "Alabama Credit Union": 8.480275860287293,
  "Connexus Credit Union": 8.15397958140602,
  "Georgia Banking Company": 8.15397958140602,
  "Nationwide by Axos Bank": 8.15397958140602,
  "BankPurely": 8.15397958140602,
  "Utah First FCU": 8.15397958140602,
  "Hope FCU": 8.15397958140602,
  "Interior FCU": 6.522656408471448,
  "American Heritage FCU": 5.217787715089798,
  "Wings Financial Credit Union": 4.891596906107225,
  "Northfield Bank": 4.891596906107225,
  "Latino Credit Union": 4.891596906107225,
  "Self-Help FCU": 4.891596906107225,
  "Self-Help Credit Union": 4.891596906107225,
  "TBK Bank": 4.891596906107225,
  "Abound Credit Union": 4.891596906107225,
  "United FCU": 3.260801032074596,
  "OneUnited Bank": 3.260801032074596,
  "BankMD": 3.260801032074596,
  "Peoples Security Bank and": 3.260801032074596,
  "UNIFY Financial Credit": 3.260801032074596,
  "Manasquan Bank": 3.260801032074596,
  "Marine FCU": 3.260801032074596,
  "Zeal Credit Union": 3.260801032074596,
  "Veridian Credit Union": 3.260801032074596,
  "Affinity Plus FCU": 3.260801032074596,
  "ableBanking": 3.260801032074596,
  "Pacific National Bank": 3.260801032074596,
  "United States Senate": 3.260801032074596,
  "NASA FCU": 3.260801032074596,
  "Financial Partners Credit": 3.260801032074596,
  "State Department FCU": 3.260801032074596,
  "La Capitol FCU": 3.260801032074596,
  "Teachers FCU": 3.260801032074596,
  "Bellco Credit Union": 3.260801032074596,
  "MapleMark Bank": 3.260801032074596,
  "Hanscom FCU": 3.260801032074596,
  "Securityplus": 3.260801032074596,
  "U S Postal Service FCU": 3.260801032074596,
  "Hiway Credit Union": 3.260801032074596,
  "First Flight FCU": 3.260801032074596,
  "Summit Credit Union (WI)": 2.282450031631015,
  "Country Bank (MA)": 2.2468253326715057,
  "Sun East FCU": 1.9727954900117766,
  "People's Credit Union": 1.6302687441348098,
  "Sidney FCU": 1.6302687441348098,
  "Chartway FCU": 1.6302687441348098,
  "Louisiana National Bank": 1.6302687441348098,
  "The Adirondack Trust": 1.6302687441348098,
  "RTN FCU": 1.6302687441348098,
  "Achieva Credit Union": 1.6302687441348098,
  "Mountain America Credit": 1.6302687441348098,
  "California Coast Credit": 1.6302687441348098,
  "Premier Members Credit": 1.6302687441348098,
  "Kinecta FCU": 1.6302687441348098,
  "Community Bank of": 1.6302687441348098,
  "Northwest FCU": 1.6302687441348098,
  "Department Of Commerce": 1.6302687441348098,
  "Wayne Bank": 1.6302687441348098,
  "Investors Bank": 1.6302687441348098,
  "Salal Credit Union": 1.6302687441348098,
  "State Bank of Texas (SBT)": 1.4494191559879255,
  "Community Bank, National": 1.4384583910068613,
  "NBT Bank, National": 0.9781296236287744,
  "Consumers Credit Union": 0.9781296236287744,
  "Princeton FCU": 0.9781296236287744,
  "Pima FCU": 0.9781296236287744,
  "Santander Bank, N.A": 0.9781296236287744,
  "Armed Forces Bank": 0.9781296236287744,
  "Great Lakes Credit Union": 0.8082513989174913,
  "Industrial Bank": 0.6520758750448294,
  "Chemung Canal Trust": 0.6520758750448294,
  "City National Bank": 0.6520758750448294,
  "TD Bank": 0.6520758750448294,
  "Liberty FCU": 0.4794633780220465,
  "Union Bank (San Francisco,": 0.3260326674517273,
  "Bank of America": 0.3260326674517273,
  "Chase Bank": 0.3260326674517273,
  "KeyBank": 0.3260326674517273,
  "Orion FCU": 0.3260326674517273,
  "Citizens Bank (RI)": 0.3260326674517273,
  "M&T Bank": 0.3260326674517273,
  "University FCU": 0.3260326674517273,
  "PNC Bank": 0.3260326674517273,
  "US Bank": 0.3260326674517273,
  "Comerica Bank": 0.3260326674517273,
  "Salem Five": 0.3260326674517273
}