{
  "Digital FCU (DCU)": 151.5710736281162,
  "Blue FCU": 122.65558315570524,
  "Service Credit Union": 122.65558315570524,
  "Andrews FCU": 122.65558315570524,
  "Bask Bank": 90.44580959516315,
  "First Foundation": 89.07484612857661,
  "Salem Five Direct": 89.07480789206966,
  "Valleydirect": 88.65750901940373,
  "Vio Bank": 88.10201079524631,
  "Workers Credit Union": 87.17906166312059,
  "Customers Bank": 86.51856038198275,
  "BrioDirect": 86.33898572420003,
  "Affinity FCU": 85.70354418674833,
  "CIT Bank": 85.02660207987537,
  "My Banking Direct": 84.69507492811135,
  "DollarSavingsDirect": 84.62604880189974,
  "Bread Financial": 83.05143329213752,
  "Personal Capital": 82.89948019795702,
  "TAB Bank": 82.3387824738893,
  "Citizens Access": 79.8891600334482,
  "CIBC Bank USA": 79.69864175898147,
  "Synchrony Bank": 79.28166979106754,
  "Betterment": 78.9779466634518,
  "Prime Alliance": 78.6052157440572,
  "Northpointe Bank": 77.56992003542109,
  "Rising Bank": 77.3490235471163,
  "SoFi Bank, N.A": 76.79689610290916,
  "ConnectOne Bank": 75.52693710377207,
  "Quontic Bank": 74.90610015766651,
  "Affirm": 74.65771959176709,
  "USALLIANCE": 74.51975264004614,
  "Capital One": 73.9401722828261,
  "Barclays": 73.63659098565768,
  "Sallie Mae Bank": 73.36064864774562,
  "SmartyPig": 72.94672277923746,
  "Live Oak Bank": 72.72594756751096,
  "Marcus by Goldman": 71.91194853283196,
  "Discover": 71.78778281822997,
  "American Express": 70.53242893042807,
  "Ally Bank": 70.13241320396628,
  "TIAA Bank": 68.84966173070825,
  "MySavingsDirect": 68.6560198983534,
  "Heritage Bank": 68.444201428636,
  "SFGI Direct": 67.46781211440975,
  "Colorado Federal Savings": 64.86462812930586,
  "FNBO Direct": 64.36828850249185,
  "Seattle Bank": 64.28558681531831,
  "Quorum FCU": 64.1753350444742,
  "Laurel Road": 63.127663164830665,
  "Alliant Credit Union": 61.1705335230763,
  "EmigrantDirect.com": 59.07596296453812,
  "CNB Bank Direct": 58.375969958613496,
  "Lafayette FCU": 57.99017883584929,
  "Patelco Credit Union": 56.01802231176043,
  "Lake Michigan Credit": 55.01208659904478,
  "Revolut": 52.3459444825985,
  "Dover FCU": 48.884885870513244,
  "PenFed Credit Union": 48.306760492023386,
  "Westmark Credit Union": 44.96535622748161,
  "Langley FCU": 38.22261160686139,
  "Amalgamated Bank": 37.61764026574201,
  "Flagstar Bank": 36.985256157262484,
  "Bank5 Connect": 36.64155759098139,
  "Wells Fargo Bank": 31.783812431851402,
  "Third Federal Savings and": 26.18452114828324,
  "Bank Onward (Bo)": 24.41297889420821,
  "Elements Financial": 24.41297889420821,
  "One Finance": 24.41297889420821,
  "SEFCU": 24.31680736186172,
  "Principal Bank": 23.635785252095957,
  "USAA Bank": 20.651190428498012,
  "First Internet Bank": 19.525673362863017,
  "Thrivent FCU": 18.924521361059305,
  "Pelican State Credit": 18.304215148706135,
  "State Bank of India": 17.398508350925113,
  "KS StateBank": 16.739861559222845,
  "First Technology FCU": 16.64381581674752,
  "Newtown Savings": 15.875458841528598,
  "Spectrum Credit Union": 15.587340389780366,
  "Chevron FCU": 15.546181287536456,
  "Technology Credit Union": 15.37331610930596,
  "Axos Bank": 14.884915369231749,
  "Visions FCU": 13.76277866917735,
  "Allegacy FCU": 12.199132212585027,
  "The Delaware National Bank": 12.199132212585027,
  "Presidential Bank (MD)": 12.199132212585027,
  "FACILE": 12.199132212585027,
  "iGObanking": 12.199132212585027,
  "BECU (Boeing Employees Credit": 11.513395678364759,
  "North American Savings": 11.499682384865082,
  "American 1 Credit Union": 11.047123240359724,
  "Empower FCU": 10.978555326168134,
  "Charles Schwab Bank": 10.737202268224792,
  "Pennsylvania State Employees": 10.155778677120907,
  "MutualOne Bank": 9.758129173682391,
  "PurePoint Financial": 9.758129173682391,
  "Hughes FCU": 9.195957489298962,
  "Credit Human": 7.962035583497709,
  "Parda FCU": 7.907197153668676,
  "Northrop Grumman FCU": 7.71526962592543,
  "Premier America Credit": 7.3177145732006466,
  "Pen Air Credit Union": 7.293313398360624,
  "Alabama Credit Union": 6.341713464427812,
  "Connexus Credit Union": 6.097727893537012,
  "Georgia Banking Company": 6.097727893537012,
  "Nationwide by Axos Bank": 6.097727893537012,
  "BankPurely": 6.097727893537012,
  "Utah First FCU": 6.097727893537012,
  "Hope FCU": 6.097727893537012,
  "Spectra Credit Union": 5.960640374556533,
  "Interior FCU": 4.877888270888434,
  "American Heritage FCU": 3.9021224421339866,
  "Wings Financial Credit Union": 3.6581956877253106,
  "Northfield Bank": 3.6581956877253106,
  "Latino Credit Union": 3.6581956877253106,
  "Self-Help FCU": 3.6581956877253106,
  "Self-Help Credit Union": 3.6581956877253106,
  "TBK Bank": 3.6581956877253106,
  "Abound Credit Union": 3.6581956877253106,
  "United FCU": 2.4386501265398692,
  "OneUnited Bank": 2.4386501265398692,
  "BankMD": 2.4386501265398692,
  "Peoples Security Bank and": 2.4386501265398692,
  "UNIFY Financial Credit": 2.4386501265398692,
  "Manasquan Bank": 2.4386501265398692,
  "Marine FCU": 2.4386501265398692,
  "Zeal Credit Union": 2.4386501265398692,
  "Veridian Credit Union": 2.4386501265398692,
  "Affinity Plus FCU": 2.4386501265398692,
  "ableBanking": 2.4386501265398692,
  "Pacific National Bank": 2.4386501265398692,
  "United States Senate": 2.4386501265398692,
  "NASA FCU": 2.4386501265398692,
  "Financial Partners Credit": 2.4386501265398692,
  "State Department FCU": 2.4386501265398692,
  "La Capitol FCU": 2.4386501265398692,
  "Teachers FCU": 2.4386501265398692,
  "Bellco Credit Union": 2.4386501265398692,
  "MapleMark Bank": 2.4386501265398692,
  "Hanscom FCU": 2.4386501265398692,
  "Securityplus": 2.4386501265398692,
  "U S Postal Service FCU": 2.4386501265398692,
  "Hiway Credit Union": 2.4386501265398692,
  "First Flight FCU": 2.4386501265398692,
  "Country Bank (MA)": 1.835782820946406,
  "Summit Credit Union (WI)": 1.7069933530510752,
  "Sun East FCU": 1.5617642395482108,
  "People's Credit Union": 1.219251569817061,
  "Sidney FCU": 1.219251569817061,
  "Chartway FCU": 1.219251569817061,
  "Louisiana National Bank": 1.219251569817061,
  "The Adirondack Trust": 1.219251569817061,
  "RTN FCU": 1.219251569817061,
  "Achieva Credit Union": 1.219251569817061,
  "Mountain America Credit": 1.219251569817061,
  "California Coast Credit": 1.219251569817061,
  "Premier Members Credit": 1.219251569817061,
  "Kinecta FCU": 1.219251569817061,
  "Community Bank of": 1.219251569817061,
  "Northwest FCU": 1.219251569817061,
  "Department Of Commerce": 1.219251569817061,
  "Wayne Bank": 1.219251569817061,
  "Investors Bank": 1.219251569817061,
  "Salal Credit Union": 1.219251569817061,
  "Community Bank, National": 1.1918507214122656,
  "State Bank of Texas (SBT)": 1.0384094136861677,
  "NBT Bank, National": 0.7315333044698491,
  "Consumers Credit Union": 0.7315333044698491,
  "Princeton FCU": 0.7315333044698491,
  "Pima FCU": 0.7315333044698491,
  "Santander Bank, N.A": 0.7315333044698491,
  "Armed Forces Bank": 0.7315333044698491,
  "Great Lakes Credit Union": 0.7260533239696088,
  "Industrial Bank": 0.4876829905770137,
  "Chemung Canal Trust": 0.4876829905770137,
  "City National Bank": 0.4876829905770137,
  "TD Bank": 0.4876829905770137,
  "Union Bank (San Francisco,": 0.243838555923503,
  "Bank of America": 0.243838555923503,
  "Chase Bank": 0.243838555923503,
  "KeyBank": 0.243838555923503,
  "Orion FCU": 0.243838555923503,
  "Citizens Bank (RI)": 0.243838555923503,
  "Liberty FCU": 0.243838555923503,
  "M&T Bank": 0.243838555923503,
  "University FCU": 0.243838555923503,
  "PNC Bank": 0.243838555923503,
  "US Bank": 0.243838555923503,
  "Comerica Bank": 0.243838555923503,
  "Salem Five": 0.243838555923503
}