{
  "Digital FCU (DCU)": 1307.5153955514706,
  "Blue FCU": 1047.092968136878,
  "Service Credit Union": 1047.092968136878,
  "Workers Credit Union": 778.8791978564386,
  "Affinity FCU": 482.35159640686834,
  "First Foundation": 240.43789378459587,
  "Affirm": 232.99870830019427,
  "Prime Alliance": 232.59749457941143,
  "TAB Bank": 229.5755968275389,
  "SmartyPig": 226.70445847479277,
  "Valleydirect": 226.5490248586193,
  "Quontic Bank": 224.99509899460645,
  "USALLIANCE": 224.19674639794175,
  "CIBC Bank USA": 221.99775647413844,
  "BrioDirect": 219.6671053745995,
  "ConnectOne Bank": 214.28593144038314,
  "Synchrony Bank": 214.0755651018062,
  "Live Oak Bank": 209.8095654126555,
  "Rising Bank": 207.25003647002995,
  "Salem Five Direct": 205.48214474515407,
  "Citizens Access": 205.01279758868623,
  "Marcus by Goldman": 200.62514360933346,
  "SFGI Direct": 200.2732679701894,
  "Ally Bank": 197.81701566533957,
  "Barclays": 197.28587811034959,
  "DollarSavingsDirect": 196.17019601224638,
  "Alliant Credit Union": 191.91036554674247,
  "Discover": 189.38287324124576,
  "Northpointe Bank": 189.34020553157643,
  "TIAA Bank": 188.92261663627505,
  "Capital One": 188.32199359214974,
  "American Express": 186.20114067999748,
  "Colorado Federal Savings": 182.29526475851526,
  "Sallie Mae Bank": 180.60702317089817,
  "Lake Michigan Credit": 179.660381659447,
  "Personal Capital": 171.1546944060483,
  "Betterment": 170.1106937120985,
  "Quorum FCU": 168.2869121143849,
  "FNBO Direct": 163.7472981319679,
  "EmigrantDirect.com": 162.703397496658,
  "PenFed Credit Union": 162.48141871811276,
  "Heritage Bank": 150.65409827690564,
  "MySavingsDirect": 143.87046287930752,
  "Lafayette FCU": 137.031722745749,
  "CNB Bank Direct": 130.69050852803775,
  "Bank5 Connect": 125.9631978413363,
  "Axos Bank": 122.23869668788029,
  "Amalgamated Bank": 111.92174311689269,
  "Elements Financial": 110.24605174126737,
  "Pelican State Credit": 103.0886299914946,
  "iGObanking": 100.08590132288737,
  "Langley FCU": 96.69612199266885,
  "Presidential Bank (MD)": 89.12716296394137,
  "Technology Credit Union": 88.65311911481513,
  "Revolut": 88.1349039562756,
  "MutualOne Bank": 82.26759411021158,
  "PurePoint Financial": 79.98901263755215,
  "Georgia Banking Company": 79.28468409586822,
  "First Internet Bank": 75.87490755509498,
  "Chevron FCU": 72.12145154768041,
  "Spectrum Credit Union": 71.91449479744733,
  "Third Federal Savings and": 71.10019932896284,
  "State Bank of India": 66.52125730321131,
  "Patelco Credit Union": 64.81054218468307,
  "Pen Air Credit Union": 64.52066393085079,
  "SEFCU": 63.94277562170464,
  "Thrivent FCU": 62.95311004778159,
  "Newtown Savings": 61.03447724729267,
  "Premier America Credit": 59.93205732433307,
  "Nationwide by Axos Bank": 57.9064875006934,
  "North American Savings": 55.50943114295842,
  "USAA Bank": 53.80413907883849,
  "Principal Bank": 53.765482423392314,
  "First Technology FCU": 52.25908727209935,
  "Alabama Credit Union": 51.920438788791216,
  "Credit Human": 51.79100217084124,
  "Parda FCU": 51.7359235810618,
  "Connexus Credit Union": 49.91852991358974,
  "BankPurely": 49.91852991358974,
  "Hope FCU": 49.91852991358974,
  "KS StateBank": 47.09661729133222,
  "Empower FCU": 41.74427373600338,
  "Interior FCU": 40.02498253291196,
  "The Delaware National Bank": 39.406053776856425,
  "Northrop Grumman FCU": 38.377453692328345,
  "Visions FCU": 38.237127931299256,
  "American 1 Credit Union": 37.329631732696726,
  "Wells Fargo Bank": 33.53746629399575,
  "Northfield Bank": 33.494244741026705,
  "ableBanking": 32.40844823864791,
  "American Heritage FCU": 31.91925710822943,
  "Hughes FCU": 31.70759406626712,
  "Self-Help FCU": 30.36100114381952,
  "Latino Credit Union": 30.333521173297413,
  "Self-Help Credit Union": 30.333520890957516,
  "Wings Financial Credit Union": 29.921326132198374,
  "TBK Bank": 29.921326132198374,
  "Abound Credit Union": 29.921326132198374,
  "MapleMark Bank": 26.198584798117736,
  "Charles Schwab Bank": 25.17400411228118,
  "Marine FCU": 23.97385584330914,
  "Allegacy FCU": 22.75176907157038,
  "BECU (Boeing Employees Credit": 21.516163368656635,
  "Pennsylvania State Employees": 21.461278666867656,
  "Pacific National Bank": 20.67885575262153,
  "United FCU": 19.937630010404973,
  "OneUnited Bank": 19.937630010404973,
  "Peoples Security Bank and": 19.937630010404973,
  "Manasquan Bank": 19.937630010404973,
  "Zeal Credit Union": 19.937630010404973,
  "Veridian Credit Union": 19.937630010404973,
  "Affinity Plus FCU": 19.937630010404973,
  "NASA FCU": 19.937630010404973,
  "Financial Partners Credit": 19.937630010404973,
  "State Department FCU": 19.937630010404973,
  "La Capitol FCU": 19.937630010404973,
  "Bellco Credit Union": 19.937630010404973,
  "Hanscom FCU": 19.937630010404973,
  "Securityplus": 19.937630010404973,
  "U S Postal Service FCU": 19.937630010404973,
  "Hiway Credit Union": 19.937630010404973,
  "First Flight FCU": 19.937630010404973,
  "University FCU": 19.23759701135532,
  "Spectra Credit Union": 18.757221493371617,
  "Teachers FCU": 17.810339228430166,
  "Utah First FCU": 17.68681855574323,
  "Summit Credit Union (WI)": 13.952176501210488,
  "Community Bank, National": 12.986495113273122,
  "United States Senate": 12.240350420015602,
  "UNIFY Financial Credit": 11.505231290722804,
  "The Adirondack Trust": 11.129467117996683,
  "Country Bank (MA)": 10.580928234470775,
  "People's Credit Union": 9.963857916754932,
  "Sidney FCU": 9.963857916754932,
  "Chartway FCU": 9.963857916754932,
  "Louisiana National Bank": 9.963857916754932,
  "RTN FCU": 9.963857916754932,
  "Mountain America Credit": 9.963857916754932,
  "California Coast Credit": 9.963857916754932,
  "Premier Members Credit": 9.963857916754932,
  "Kinecta FCU": 9.963857916754932,
  "Community Bank of": 9.963857916754932,
  "Northwest FCU": 9.963857916754932,
  "Department Of Commerce": 9.963857916754932,
  "Wayne Bank": 9.963857916754932,
  "Investors Bank": 9.963857916754932,
  "Salal Credit Union": 9.963857916754932,
  "Liberty FCU": 8.812093673046547,
  "Industrial Bank": 7.844165128408349,
  "NBT Bank, National": 7.803038332493088,
  "Achieva Credit Union": 7.287581769223834,
  "City National Bank": 6.467840699584485,
  "Sun East FCU": 6.012762434393153,
  "Consumers Credit Union": 5.977125600447835,
  "Princeton FCU": 5.977125600447835,
  "Santander Bank, N.A": 5.977125600447835,
  "Armed Forces Bank": 5.977125600447835,
  "Pima FCU": 4.250213150187847,
  "Chemung Canal Trust": 3.984354095196977,
  "TD Bank": 3.984354095196977,
  "M&T Bank": 2.896309116102202,
  "Great Lakes Credit Union": 2.4742779862717725,
  "PNC Bank": 2.0522650583043287,
  "Union Bank (San Francisco,": 1.991978922376802,
  "Bank of America": 1.991978922376802,
  "Chase Bank": 1.991978922376802,
  "KeyBank": 1.991978922376802,
  "Orion FCU": 1.991978922376802,
  "Citizens Bank (RI)": 1.991978922376802,
  "US Bank": 1.991978922376802,
  "Comerica Bank": 1.991978922376802,
  "Salem Five": 1.991978922376802
}