{
  "Digital FCU (DCU)": 2027.0991900215558,
  "Blue FCU": 1613.4497678564094,
  "Service Credit Union": 1613.4497678564094,
  "First Foundation": 375.0694627361645,
  "Prime Alliance": 356.71892633237985,
  "SmartyPig": 354.6431710318866,
  "TAB Bank": 346.63111102338917,
  "CIBC Bank USA": 337.10295096856134,
  "ConnectOne Bank": 336.4266964044309,
  "BrioDirect": 328.85267531236786,
  "Live Oak Bank": 327.72814447244673,
  "SFGI Direct": 324.11299293748016,
  "Lake Michigan Credit": 322.8212895936995,
  "Synchrony Bank": 322.22592639907634,
  "Rising Bank": 317.956583272633,
  "Citizens Access": 316.5853468062651,
  "Marcus by Goldman": 309.663907719465,
  "Salem Five Direct": 307.0448385330765,
  "DollarSavingsDirect": 306.0506604682232,
  "Ally Bank": 304.7223948043993,
  "Quontic Bank": 300.17754316771243,
  "Barclays": 300.05076384739914,
  "American Express": 296.25631489696207,
  "Discover": 293.02409522706694,
  "Capital One": 291.30667202054246,
  "Alliant Credit Union": 290.5888214822189,
  "USALLIANCE": 281.3726527302133,
  "Northpointe Bank": 280.09064910940106,
  "Sallie Mae Bank": 279.02113643870325,
  "Colorado Federal Savings": 275.19268653784275,
  "PenFed Credit Union": 274.06734769080504,
  "TIAA Bank": 265.6849991141644,
  "FNBO Direct": 255.80109889926825,
  "Quorum FCU": 252.6545607128428,
  "Heritage Bank": 244.8429698949967,
  "Betterment": 233.16970595799285,
  "MySavingsDirect": 233.03846496156075,
  "Bank5 Connect": 226.4262552605578,
  "Axos Bank": 225.37917237467445,
  "EmigrantDirect.com": 212.65048992268748,
  "Personal Capital": 204.50881998941077,
  "Elements Financial": 190.57192911622224,
  "Amalgamated Bank": 190.29221927856452,
  "PurePoint Financial": 178.1915768664694,
  "MutualOne Bank": 174.12418103842174,
  "Lafayette FCU": 167.4883548554826,
  "Pelican State Credit": 166.57634225248694,
  "Langley FCU": 160.65856864464877,
  "State Bank of India": 157.73603788943365,
  "iGObanking": 157.26337548291303,
  "CNB Bank Direct": 157.0644812229766,
  "Nationwide by Axos Bank": 155.5936272364179,
  "Georgia Banking Company": 155.1627266458654,
  "ableBanking": 139.87129615276535,
  "Presidential Bank (MD)": 139.69877607428316,
  "First Internet Bank": 134.30379226027435,
  "Technology Credit Union": 133.41834003251097,
  "Northfield Bank": 122.88438426043103,
  "Chevron FCU": 113.18304573979731,
  "Spectrum Credit Union": 112.94753887514707,
  "Pen Air Credit Union": 111.53324110665562,
  "USAA Bank": 101.8263762343231,
  "SEFCU": 101.24809011910838,
  "Third Federal Savings and": 99.06195590515381,
  "BankPurely": 99.04804939796486,
  "Thrivent FCU": 94.40394787104015,
  "Premier America Credit": 90.15704409551836,
  "First Technology FCU": 88.20810666521356,
  "North American Savings": 85.61060179351261,
  "Newtown Savings": 84.49150352762263,
  "Parda FCU": 80.03057934087701,
  "Alabama Credit Union": 78.08934355999918,
  "Credit Human": 76.95183144103612,
  "Connexus Credit Union": 75.0746721628584,
  "Hope FCU": 75.0746721628584,
  "KS StateBank": 74.67430173000321,
  "Visions FCU": 74.26029511610977,
  "Affinity Plus FCU": 73.33539850706802,
  "Principal Bank": 71.90609964557552,
  "Patelco Credit Union": 69.84420231820513,
  "Northrop Grumman FCU": 65.21425481017832,
  "The Delaware National Bank": 62.16480343483636,
  "Interior FCU": 62.02701592854828,
  "Empower FCU": 60.111258336066385,
  "Self-Help FCU": 55.46818857079052,
  "Self-Help Credit Union": 55.440639531567285,
  "American 1 Credit Union": 53.29200266568296,
  "Abound Credit Union": 52.107764531805515,
  "Latino Credit Union": 51.625829532520584,
  "MapleMark Bank": 51.29535320150899,
  "American Heritage FCU": 47.98314039100842,
  "Marine FCU": 45.23890081200625,
  "Wings Financial Credit Union": 44.97746646626729,
  "University FCU": 44.316941233824764,
  "Hughes FCU": 41.59298783860868,
  "Peoples Security Bank and": 39.83246447854981,
  "Pacific National Bank": 37.508455792207315,
  "Wells Fargo Bank": 36.39399327701176,
  "Manasquan Bank": 35.36368555248373,
  "Salal Credit Union": 33.96155395376991,
  "Securityplus": 33.85162978596418,
  "La Capitol FCU": 32.97199127213207,
  "Hanscom FCU": 32.752095034560625,
  "Charles Schwab Bank": 32.2435468341082,
  "U S Postal Service FCU": 32.023720036746454,
  "Veridian Credit Union": 31.58397264902851,
  "Bellco Credit Union": 30.4297237604369,
  "United FCU": 29.962565539919524,
  "OneUnited Bank": 29.962565539919524,
  "Zeal Credit Union": 29.962565539919524,
  "NASA FCU": 29.962565539919524,
  "Financial Partners Credit": 29.962565539919524,
  "State Department FCU": 29.962565539919524,
  "Hiway Credit Union": 29.962565539919524,
  "First Flight FCU": 29.962565539919524,
  "Mountain America Credit": 29.86565324257026,
  "Pennsylvania State Employees": 28.9595767209139,
  "Allegacy FCU": 28.574888811413985,
  "Teachers FCU": 27.833146406073865,
  "Spectra Credit Union": 27.544629728894506,
  "Utah First FCU": 25.662957837746944,
  "BECU (Boeing Employees Credit": 25.237167196819428,
  "Summit Credit Union (WI)": 24.34462447693477,
  "United States Senate": 23.273572395595693,
  "Country Bank (MA)": 21.351503684292766,
  "The Adirondack Trust": 21.14559009113509,
  "Community Bank, National": 19.998032688081366,
  "Louisiana National Bank": 17.9064075482529,
  "UNIFY Financial Credit": 17.01169614599894,
  "Premier Members Credit": 16.067676723876502,
  "RTN FCU": 15.985353387468422,
  "Department Of Commerce": 15.587466799717731,
  "People's Credit Union": 14.97008786996048,
  "Sidney FCU": 14.97008786996048,
  "Chartway FCU": 14.97008786996048,
  "California Coast Credit": 14.97008786996048,
  "Kinecta FCU": 14.97008786996048,
  "Community Bank of": 14.97008786996048,
  "Northwest FCU": 14.97008786996048,
  "Wayne Bank": 14.97008786996048,
  "Investors Bank": 14.97008786996048,
  "Liberty FCU": 13.817747600527582,
  "NBT Bank, National": 12.808187606497086,
  "Achieva Credit Union": 12.292473250674448,
  "City National Bank": 11.472322208281184,
  "Sun East FCU": 11.354377894893332,
  "Princeton FCU": 10.723548238553121,
  "Consumers Credit Union": 10.56447516559274,
  "Armed Forces Bank": 10.531563810913212,
  "Santander Bank, N.A": 8.979367818294122,
  "TD Bank": 8.831290183570673,
  "Pima FCU": 7.739973056213785,
  "Chemung Canal Trust": 6.459617599970443,
  "Chase Bank": 6.166280441579147,
  "Great Lakes Credit Union": 5.108151383985387,
  "M&T Bank": 4.897087900797487,
  "Orion FCU": 3.7047947003720765,
  "Bank of America": 3.5129449676132936,
  "Salem Five": 3.477315991094656,
  "KeyBank": 3.3567261809293996,
  "PNC Bank": 3.0525201600285072,
  "Citizens Bank (RI)": 2.992227995184294,
  "US Bank": 2.992227995184294,
  "Comerica Bank": 2.992227995184294
}