{
  "Digital FCU (DCU)": 361.331203318412,
  "Blue FCU": 291.82865703235075,
  "Service Credit Union": 291.82865703235075,
  "Workers Credit Union": 206.92371889213427,
  "Affinity FCU": 189.57411210174178,
  "Bask Bank": 162.17366883513023,
  "First Foundation": 157.63126363393712,
  "BrioDirect": 156.7520379520265,
  "My Banking Direct": 151.85607114311097,
  "Bread Financial": 151.62531016351932,
  "Vio Bank": 150.56270669392325,
  "CIT Bank": 149.91497597091438,
  "Personal Capital": 148.1077575066265,
  "TAB Bank": 147.04861750247255,
  "Prime Alliance": 144.7806609320778,
  "CIBC Bank USA": 142.87148481992335,
  "Valleydirect": 142.17346061581702,
  "Citizens Access": 142.00731664069644,
  "DollarSavingsDirect": 140.3844222984535,
  "SoFi Bank, N.A": 138.85435309903005,
  "Salem Five Direct": 138.064913866785,
  "Synchrony Bank": 137.77100850167153,
  "Northpointe Bank": 137.7293065897884,
  "USALLIANCE": 137.5767922135965,
  "Quontic Bank": 137.56290999375597,
  "Rising Bank": 135.32728824206788,
  "Betterment": 131.0104322336283,
  "Barclays": 128.94314014117845,
  "Live Oak Bank": 128.74894497169225,
  "Capital One": 126.51536653100084,
  "Sallie Mae Bank": 126.16859747197304,
  "Marcus by Goldman": 125.48902076132072,
  "SmartyPig": 125.19768341172494,
  "Discover": 124.8094168591033,
  "Ally Bank": 123.54746813055135,
  "SFGI Direct": 121.2319674024493,
  "ConnectOne Bank": 121.12060594672585,
  "American Express": 120.63574273640006,
  "Affirm": 115.77066802408444,
  "Quorum FCU": 115.535470625995,
  "TIAA Bank": 115.38293467243602,
  "Colorado Federal Savings": 114.70418312025322,
  "Heritage Bank": 112.68135599287052,
  "Alliant Credit Union": 110.86718818471672,
  "FNBO Direct": 109.9806674946849,
  "Seattle Bank": 108.60144360728555,
  "EmigrantDirect.com": 107.07303860392494,
  "MySavingsDirect": 104.0959036329823,
  "Lafayette FCU": 94.047848433549,
  "CNB Bank Direct": 93.45055938429869,
  "PenFed Credit Union": 88.46921836351976,
  "Lake Michigan Credit": 79.53180023596724,
  "Bank5 Connect": 68.75451881770277,
  "Revolut": 67.8326588638065,
  "Westmark Credit Union": 64.39964733707347,
  "Langley FCU": 60.17921372710043,
  "One Finance": 57.699281250961576,
  "Patelco Credit Union": 57.68497874366403,
  "Bank Onward (Bo)": 57.36863075340443,
  "Flagstar Bank": 56.84494517224812,
  "Amalgamated Bank": 54.792394134316055,
  "Elements Financial": 50.84040760800235,
  "Third Federal Savings and": 50.53759120457653,
  "First Internet Bank": 40.25848809718809,
  "Principal Bank": 39.094965759786646,
  "Pelican State Credit": 37.109445577008955,
  "Axos Bank": 35.15725430282146,
  "SEFCU": 34.634748369388035,
  "State Bank of India": 33.686465892209526,
  "Thrivent FCU": 32.905781852305154,
  "Newtown Savings": 32.57321760462946,
  "Wells Fargo Bank": 32.11637840322692,
  "Technology Credit Union": 31.655230934149586,
  "USAA Bank": 31.322618555139343,
  "Chevron FCU": 29.41281509755936,
  "Spectrum Credit Union": 29.206735902294895,
  "FACILE": 28.808342761154563,
  "iGObanking": 28.808342761154563,
  "First Technology FCU": 28.780841808638797,
  "Presidential Bank (MD)": 28.56793188608208,
  "KS StateBank": 25.099745621035254,
  "MutualOne Bank": 23.0400740804198,
  "PurePoint Financial": 23.0400740804198,
  "Visions FCU": 23.0125889453775,
  "American 1 Credit Union": 22.06528259190418,
  "North American Savings": 21.88680956308781,
  "The Delaware National Bank": 20.310893171475982,
  "Empower FCU": 19.40226029090809,
  "BECU (Boeing Employees Credit": 18.677594255254007,
  "Charles Schwab Bank": 18.076502070493007,
  "Hughes FCU": 17.494658927389537,
  "Premier America Credit": 17.275107344497883,
  "Pen Air Credit Union": 17.217474345665323,
  "Credit Human": 16.259715019978103,
  "Parda FCU": 16.20483112318834,
  "Allegacy FCU": 15.655981894615252,
  "Alabama Credit Union": 14.970044773468544,
  "Connexus Credit Union": 14.393861617971197,
  "Georgia Banking Company": 14.393861617971197,
  "Nationwide by Axos Bank": 14.393861617971197,
  "BankPurely": 14.393861617971197,
  "Hope FCU": 14.393861617971197,
  "Pennsylvania State Employees": 14.366405115753878,
  "Northrop Grumman FCU": 13.95488304024002,
  "Spectra Credit Union": 11.66426232811682,
  "Interior FCU": 11.51344067230093,
  "Utah First FCU": 10.594617201468282,
  "American Heritage FCU": 9.209697600306754,
  "Wings Financial Credit Union": 8.633844272548231,
  "Northfield Bank": 8.633844272548231,
  "Latino Credit Union": 8.633844272548231,
  "Self-Help FCU": 8.633844272548231,
  "Self-Help Credit Union": 8.633844272548231,
  "TBK Bank": 8.633844272548231,
  "Abound Credit Union": 8.633844272548231,
  "United FCU": 5.755072183777884,
  "OneUnited Bank": 5.755072183777884,
  "BankMD": 5.755072183777884,
  "Peoples Security Bank and": 5.755072183777884,
  "UNIFY Financial Credit": 5.755072183777884,
  "Manasquan Bank": 5.755072183777884,
  "Marine FCU": 5.755072183777884,
  "Zeal Credit Union": 5.755072183777884,
  "Veridian Credit Union": 5.755072183777884,
  "Affinity Plus FCU": 5.755072183777884,
  "ableBanking": 5.755072183777884,
  "Pacific National Bank": 5.755072183777884,
  "NASA FCU": 5.755072183777884,
  "Financial Partners Credit": 5.755072183777884,
  "State Department FCU": 5.755072183777884,
  "La Capitol FCU": 5.755072183777884,
  "Bellco Credit Union": 5.755072183777884,
  "MapleMark Bank": 5.755072183777884,
  "Hanscom FCU": 5.755072183777884,
  "Securityplus": 5.755072183777884,
  "U S Postal Service FCU": 5.755072183777884,
  "Hiway Credit Union": 5.755072183777884,
  "First Flight FCU": 5.755072183777884,
  "Teachers FCU": 5.535770816959484,
  "United States Senate": 5.1520049907012435,
  "Summit Credit Union (WI)": 4.0282045020321675,
  "Country Bank (MA)": 3.493757622922203,
  "Sun East FCU": 3.178584620114634,
  "Community Bank, National": 3.0634801183587115,
  "People's Credit Union": 2.8771241712111078,
  "Sidney FCU": 2.8771241712111078,
  "Chartway FCU": 2.8771241712111078,
  "Louisiana National Bank": 2.8771241712111078,
  "The Adirondack Trust": 2.8771241712111078,
  "RTN FCU": 2.8771241712111078,
  "Mountain America Credit": 2.8771241712111078,
  "California Coast Credit": 2.8771241712111078,
  "Premier Members Credit": 2.8771241712111078,
  "Kinecta FCU": 2.8771241712111078,
  "Community Bank of": 2.8771241712111078,
  "Northwest FCU": 2.8771241712111078,
  "Department Of Commerce": 2.8771241712111078,
  "Wayne Bank": 2.8771241712111078,
  "Investors Bank": 2.8771241712111078,
  "Salal Credit Union": 2.8771241712111078,
  "Pima FCU": 2.751058638867107,
  "State Bank of Texas (SBT)": 2.6962520374090673,
  "Achieva Credit Union": 2.6250003111672413,
  "NBT Bank, National": 1.726175654985127,
  "Consumers Credit Union": 1.726175654985127,
  "Princeton FCU": 1.726175654985127,
  "Santander Bank, N.A": 1.726175654985127,
  "Armed Forces Bank": 1.726175654985127,
  "Liberty FCU": 1.7261753396905988,
  "Industrial Bank": 1.1507508224458434,
  "Chemung Canal Trust": 1.1507508224458434,
  "City National Bank": 1.1507508224458434,
  "TD Bank": 1.1507508224458434,
  "Great Lakes Credit Union": 1.0575896924401604,
  "Union Bank (San Francisco,": 0.5753589383893996,
  "Bank of America": 0.5753589383893996,
  "Chase Bank": 0.5753589383893996,
  "KeyBank": 0.5753589383893996,
  "Orion FCU": 0.5753589383893996,
  "Citizens Bank (RI)": 0.5753589383893996,
  "M&T Bank": 0.5753589383893996,
  "University FCU": 0.5753589383893996,
  "PNC Bank": 0.5753589383893996,
  "US Bank": 0.5753589383893996,
  "Comerica Bank": 0.5753589383893996,
  "Salem Five": 0.5753589383893996
}