{
  "Digital FCU (DCU)": 523.7140294701367,
  "Blue FCU": 422.3456641519624,
  "Service Credit Union": 422.3456641519624,
  "Workers Credit Union": 298.9196264772436,
  "Affinity FCU": 241.06900778191084,
  "Bask Bank": 188.09896227205172,
  "First Foundation": 177.7296000632814,
  "My Banking Direct": 174.4625456822614,
  "BrioDirect": 172.17958925798848,
  "Vio Bank": 171.23223551982665,
  "SoFi Bank, N.A": 169.1767848157906,
  "CIT Bank": 168.28465884248726,
  "TAB Bank": 167.35164244591215,
  "Prime Alliance": 163.0575221068848,
  "Valleydirect": 161.225078466201,
  "CIBC Bank USA": 160.29309304594062,
  "Personal Capital": 159.3184775764621,
  "Quontic Bank": 158.02507357015384,
  "USALLIANCE": 157.70502969148765,
  "Citizens Access": 157.59337534147562,
  "Synchrony Bank": 155.2005533541651,
  "Salem Five Direct": 154.56848155165426,
  "DollarSavingsDirect": 154.1178451211199,
  "Rising Bank": 151.11166442148715,
  "Live Oak Bank": 146.74673392038676,
  "Northpointe Bank": 146.67663120998623,
  "Barclays": 145.78766932947292,
  "Betterment": 143.091474900697,
  "SmartyPig": 143.07801354996081,
  "Marcus by Goldman": 141.41088553218833,
  "Capital One": 140.98012815923175,
  "Discover": 139.99400847106153,
  "Sallie Mae Bank": 139.0355195702814,
  "Ally Bank": 138.61905866882807,
  "ConnectOne Bank": 138.52152889956415,
  "SFGI Direct": 137.1110334897312,
  "American Express": 135.3975519975047,
  "Affirm": 132.3573392939379,
  "Colorado Federal Savings": 131.09203019889537,
  "TIAA Bank": 130.38686361619511,
  "Alliant Credit Union": 126.84929629675389,
  "Quorum FCU": 126.57150838318012,
  "FNBO Direct": 121.01064557569225,
  "EmigrantDirect.com": 120.76134683349119,
  "Heritage Bank": 118.62324062518564,
  "MySavingsDirect": 113.44300040029884,
  "PenFed Credit Union": 104.55433853437353,
  "Lafayette FCU": 101.68346304933948,
  "CNB Bank Direct": 100.06737049702679,
  "Lake Michigan Credit": 96.05905119995623,
  "Bank5 Connect": 78.91109373700601,
  "Bank Onward (Bo)": 76.30235467356943,
  "Revolut": 69.60916572207498,
  "Langley FCU": 67.34789149232165,
  "Flagstar Bank": 65.77603723824177,
  "Amalgamated Bank": 64.9348851502782,
  "Elements Financial": 63.01885111320007,
  "Patelco Credit Union": 58.9526016116979,
  "Third Federal Savings and": 54.76520092948522,
  "Axos Bank": 50.598390818950065,
  "Pelican State Credit": 48.50039122322414,
  "First Internet Bank": 46.58719841666425,
  "Principal Bank": 42.0658719288931,
  "Technology Credit Union": 41.7743829829069,
  "FACILE": 41.45526989172504,
  "iGObanking": 41.45526989172504,
  "State Bank of India": 41.27642030689822,
  "SEFCU": 39.69456535000609,
  "Presidential Bank (MD)": 38.05142174706998,
  "Thrivent FCU": 37.9647270269852,
  "Newtown Savings": 37.63199508870457,
  "Chevron FCU": 36.999536720881224,
  "Spectrum Credit Union": 36.793301637611876,
  "USAA Bank": 35.115992260936764,
  "First Technology FCU": 34.71741884086259,
  "MutualOne Bank": 33.15053583031113,
  "PurePoint Financial": 33.15053583031113,
  "Wells Fargo Bank": 32.36924585871748,
  "KS StateBank": 29.563957614822357,
  "North American Savings": 28.203939599887235,
  "American 1 Credit Union": 25.64914770894211,
  "Visions FCU": 25.53925227820946,
  "Premier America Credit": 24.85264743232983,
  "Pen Air Credit Union": 24.769703100017068,
  "Empower FCU": 24.220954152617196,
  "The Delaware National Bank": 23.896877146069528,
  "Credit Human": 22.57329811114505,
  "Parda FCU": 22.518379619195912,
  "Alabama Credit Union": 21.535407599192695,
  "Hughes FCU": 21.282803550184326,
  "Connexus Credit Union": 20.70626859940603,
  "Georgia Banking Company": 20.70626859940603,
  "Nationwide by Axos Bank": 20.70626859940603,
  "BankPurely": 20.70626859940603,
  "Hope FCU": 20.70626859940603,
  "Charles Schwab Bank": 19.33913287415453,
  "BECU (Boeing Employees Credit": 19.182657991583255,
  "Northrop Grumman FCU": 17.66484124665112,
  "Allegacy FCU": 16.91830762740028,
  "Interior FCU": 16.561599073591424,
  "Pennsylvania State Employees": 15.628568316396922,
  "American Heritage FCU": 13.24709368241929,
  "Spectra Credit Union": 12.926084963521134,
  "Wings Financial Credit Union": 12.41863815261786,
  "Northfield Bank": 12.41863815261786,
  "Latino Credit Union": 12.41863815261786,
  "Self-Help FCU": 12.41863815261786,
  "Self-Help Credit Union": 12.41863815261786,
  "TBK Bank": 12.41863815261786,
  "Abound Credit Union": 12.41863815261786,
  "Utah First FCU": 11.85630502388085,
  "United FCU": 8.277385134455471,
  "OneUnited Bank": 8.277385134455471,
  "BankMD": 8.277385134455471,
  "Peoples Security Bank and": 8.277385134455471,
  "Manasquan Bank": 8.277385134455471,
  "Marine FCU": 8.277385134455471,
  "Zeal Credit Union": 8.277385134455471,
  "Veridian Credit Union": 8.277385134455471,
  "Affinity Plus FCU": 8.277385134455471,
  "ableBanking": 8.277385134455471,
  "Pacific National Bank": 8.277385134455471,
  "NASA FCU": 8.277385134455471,
  "Financial Partners Credit": 8.277385134455471,
  "State Department FCU": 8.277385134455471,
  "La Capitol FCU": 8.277385134455471,
  "Bellco Credit Union": 8.277385134455471,
  "MapleMark Bank": 8.277385134455471,
  "Hanscom FCU": 8.277385134455471,
  "Securityplus": 8.277385134455471,
  "U S Postal Service FCU": 8.277385134455471,
  "Hiway Credit Union": 8.277385134455471,
  "First Flight FCU": 8.277385134455471,
  "UNIFY Financial Credit": 8.008673827609528,
  "Teachers FCU": 7.454822487843558,
  "United States Senate": 6.413006852088074,
  "Summit Credit Union (WI)": 5.793452824884298,
  "Community Bank, National": 4.828558211966083,
  "Country Bank (MA)": 4.7545504866920965,
  "People's Credit Union": 4.137839317434555,
  "Sidney FCU": 4.137839317434555,
  "Chartway FCU": 4.137839317434555,
  "Louisiana National Bank": 4.137839317434555,
  "The Adirondack Trust": 4.137839317434555,
  "RTN FCU": 4.137839317434555,
  "Mountain America Credit": 4.137839317434555,
  "California Coast Credit": 4.137839317434555,
  "Premier Members Credit": 4.137839317434555,
  "Kinecta FCU": 4.137839317434555,
  "Community Bank of": 4.137839317434555,
  "Northwest FCU": 4.137839317434555,
  "Department Of Commerce": 4.137839317434555,
  "Wayne Bank": 4.137839317434555,
  "Investors Bank": 4.137839317434555,
  "Salal Credit Union": 4.137839317434555,
  "State Bank of Texas (SBT)": 3.956944387369731,
  "Sun East FCU": 3.6828670170070836,
  "Achieva Credit Union": 3.3813914745333022,
  "Pima FCU": 3.085402675507794,
  "Liberty FCU": 2.986745425781919,
  "NBT Bank, National": 2.4824988498894527,
  "Consumers Credit Union": 2.4824988498894527,
  "Princeton FCU": 2.4824988498894527,
  "Santander Bank, N.A": 2.4824988498894527,
  "Armed Forces Bank": 2.4824988498894527,
  "Industrial Bank": 1.6549309917572828,
  "Chemung Canal Trust": 1.6549309917572828,
  "City National Bank": 1.6549309917572828,
  "TD Bank": 1.6549309917572828,
  "Great Lakes Credit Union": 1.3096742865091073,
  "Union Bank (San Francisco,": 0.827431377449102,
  "Bank of America": 0.827431377449102,
  "Chase Bank": 0.827431377449102,
  "KeyBank": 0.827431377449102,
  "Orion FCU": 0.827431377449102,
  "Citizens Bank (RI)": 0.827431377449102,
  "M&T Bank": 0.827431377449102,
  "University FCU": 0.827431377449102,
  "PNC Bank": 0.827431377449102,
  "US Bank": 0.827431377449102,
  "Comerica Bank": 0.827431377449102,
  "Salem Five": 0.827431377449102
}