{
  "Digital FCU (DCU)": 4197.853413010362,
  "Blue FCU": 3489.1211001395877,
  "Salem Five Direct": 880.2560277770335,
  "SFGI Direct": 875.2839464947338,
  "Synchrony Bank": 856.276571641296,
  "Marcus by Goldman": 842.1289427521369,
  "SmartyPig": 822.3483344158485,
  "Ally Bank": 814.82176434543,
  "DollarSavingsDirect": 811.6980396095059,
  "American Express": 801.7040240459901,
  "Discover": 796.8755476693277,
  "FNBO Direct": 774.1879659620627,
  "Sallie Mae Bank": 765.8906987093105,
  "Barclays": 730.9148013556478,
  "MySavingsDirect": 725.0486791208259,
  "Quorum FCU": 697.4815779208457,
  "Bank5 Connect": 683.9066773333398,
  "Colorado Federal Savings": 673.2961139911913,
  "ableBanking": 641.5336421802585,
  "State Bank of India": 613.8301409120868,
  "iGObanking": 595.4986427595195,
  "Prime Alliance": 588.3041127010747,
  "Langley FCU": 573.597091774378,
  "Elements Financial": 467.798106747181,
  "Affinity Plus FCU": 380.10986770499403,
  "EmigrantDirect.com": 366.99387158116224,
  "First Technology FCU": 348.2937894531751,
  "USAA Bank": 326.1439340191864,
  "SEFCU": 304.34495037001034,
  "First Internet Bank": 296.62704060272154,
  "Presidential Bank (MD)": 292.9396413757913,
  "Pen Air Credit Union": 272.774151146019,
  "Technology Credit Union": 270.35824341940497,
  "Third Federal Savings and": 263.57559089930874,
  "Lafayette FCU": 259.4083920058292,
  "KS StateBank": 253.02291377738402,
  "CNB Bank Direct": 236.59908261022065,
  "Spectrum Credit Union": 236.30919182336402,
  "Chevron FCU": 234.00979664442093,
  "North American Savings": 233.67332300935232,
  "Newtown Savings": 206.23372693495003,
  "Visions FCU": 198.74248624616848,
  "Parda FCU": 171.15994708561266,
  "Alabama Credit Union": 157.00553240245426,
  "Premier America Credit": 156.79123613478077,
  "Northrop Grumman FCU": 156.78844669436694,
  "Credit Human": 152.81283353964136,
  "Hope FCU": 150.92154268811646,
  "Pacific National Bank": 148.14067479449477,
  "Principal Bank": 145.58855232794122,
  "Charles Schwab Bank": 140.9088863199231,
  "Interior FCU": 137.77566148528786,
  "The Delaware National Bank": 137.6645066151941,
  "Self-Help Credit Union": 131.13970172992595,
  "Hanscom FCU": 129.61311719797595,
  "Abound Credit Union": 127.78173628204422,
  "Self-Help FCU": 124.38326881656576,
  "United States Senate": 123.98921929468816,
  "Marine FCU": 120.86116259143273,
  "University FCU": 119.93226234520444,
  "Latino Credit Union": 115.27548868637678,
  "Patelco Credit Union": 114.84483202020601,
  "Empower FCU": 113.59896441612545,
  "American 1 Credit Union": 112.92010801781908,
  "Manasquan Bank": 110.91160503695937,
  "Hughes FCU": 103.44892959361823,
  "American Heritage FCU": 102.65181697267872,
  "Peoples Security Bank and": 100.25237219522933,
  "Securityplus": 98.23251804281972,
  "Salal Credit Union": 97.38866848871112,
  "Utah First FCU": 93.15688404859793,
  "Wings Financial Credit Union": 89.42468580722198,
  "La Capitol FCU": 87.94591482037686,
  "U S Postal Service FCU": 84.1602170696242,
  "Veridian Credit Union": 76.82772966370794,
  "Pennsylvania State Employees": 74.19149736638428,
  "Summit Credit Union (WI)": 69.63849444201514,
  "Country Bank (MA)": 66.54911092435395,
  "Mountain America Credit": 63.087698630775776,
  "Premier Members Credit": 60.97957382457571,
  "United FCU": 60.09759189376018,
  "Zeal Credit Union": 60.09759189376018,
  "NASA FCU": 60.09759189376018,
  "Financial Partners Credit": 60.09759189376018,
  "State Department FCU": 60.09759189376018,
  "Hiway Credit Union": 60.09759189376018,
  "First Flight FCU": 60.09759189376018,
  "Bellco Credit Union": 59.67039157680301,
  "Allegacy FCU": 58.70574588999989,
  "Teachers FCU": 57.96177491936578,
  "BECU (Boeing Employees Credit": 55.35799608954585,
  "Northwest FCU": 54.10462467665093,
  "Great Lakes Credit Union": 51.967328589653334,
  "The Adirondack Trust": 51.25412583893012,
  "Louisiana National Bank": 48.005211170764596,
  "UNIFY Financial Credit": 47.107811607849726,
  "RTN FCU": 46.959168649453204,
  "Department Of Commerce": 45.679303163948134,
  "Wells Fargo Bank": 45.44732148578987,
  "Liberty FCU": 44.53993903866649,
  "Spectra Credit Union": 42.597222985983535,
  "Achieva Credit Union": 41.74162388844343,
  "Community Bank, National": 41.06211790609632,
  "Sun East FCU": 35.410457788322674,
  "People's Credit Union": 30.003805173759247,
  "Sidney FCU": 30.003805173759247,
  "Chartway FCU": 30.003805173759247,
  "California Coast Credit": 30.003805173759247,
  "Kinecta FCU": 30.003805173759247,
  "Wayne Bank": 30.003805173759247,
  "Investors Bank": 30.003805173759247,
  "TD Bank": 28.429326990322807,
  "City National Bank": 26.500788930268754,
  "Princeton FCU": 25.75089095756084,
  "Consumers Credit Union": 25.591579096108035,
  "Armed Forces Bank": 25.558618337394364,
  "Pima FCU": 22.76283705732385,
  "Chemung Canal Trust": 21.480559628074843,
  "Chase Bank": 19.923915537119683,
  "Orion FCU": 18.721601396224287,
  "Salem Five": 18.4937812131011,
  "M&T Bank": 10.901825749086129,
  "PNC Bank": 6.053885688210357,
  "US Bank": 5.993575433003571,
  "Comerica Bank": 5.993575433003571
}