{
  "Digital FCU (DCU)": 98.51767250036573,
  "Blue FCU": 79.76303899840968,
  "Service Credit Union": 79.76303899840968,
  "Andrews FCU": 79.76303899840968,
  "Bask Bank": 62.21957743517123,
  "Third Coast Bank,": 62.04591823944793,
  "Salem Five Direct": 61.88603829913882,
  "First Foundation": 61.445035850370914,
  "Valleydirect": 61.14184903091518,
  "Upgrade": 60.791809717984506,
  "Vio Bank": 60.71189150270038,
  "Customers Bank": 60.42523316222287,
  "BrioDirect": 59.763857801435734,
  "My Banking Direct": 58.661578588833436,
  "CIT Bank": 58.551354457267735,
  "ConnectOne Bank": 58.20691685092606,
  "TAB Bank": 58.00579782861496,
  "Personal Capital": 57.945169704627915,
  "Bread Financial": 56.87065286019788,
  "Workers Credit Union": 56.727398411891045,
  "MySavingsDirect": 55.83725848914037,
  "DollarSavingsDirect": 55.7687036447569,
  "Affinity FCU": 55.7687036447569,
  "Patelco Credit Union": 55.59099528954903,
  "Synchrony Bank": 55.562088639009744,
  "Betterment": 54.763256357260616,
  "CIBC Bank USA": 54.697160168756454,
  "Citizens Access": 54.59797552214877,
  "Prime Alliance": 54.30878671054052,
  "Rising Bank": 53.85433141860085,
  "SoFi Bank, N.A": 53.49628004362967,
  "Quontic Bank": 52.71139119818508,
  "Affirm": 52.25701020210727,
  "Northpointe Bank": 51.775108786121564,
  "Barclays": 50.97656812761488,
  "Capital One": 50.34329789905314,
  "Live Oak Bank": 50.21939698743881,
  "USALLIANCE": 50.12303848464762,
  "Sallie Mae Bank": 49.98538210402512,
  "Discover": 49.765125499177884,
  "Marcus by Goldman": 49.765125499177884,
  "American Express": 49.682532157268724,
  "SmartyPig": 49.379700085255536,
  "Ally Bank": 49.008042679492064,
  "TIAA Bank": 48.54003453987207,
  "Heritage Bank": 48.10237817417874,
  "SFGI Direct": 48.011523037795996,
  "FNBO Direct": 46.14539536612756,
  "Seattle Bank": 45.38858519542737,
  "Colorado Federal Savings": 44.37041739187043,
  "Laurel Road": 43.66875496960529,
  "Quorum FCU": 42.82959623581337,
  "CNB Bank Direct": 42.7635654175192,
  "Alliant Credit Union": 41.64663554165236,
  "EmigrantDirect.com": 39.80367402027696,
  "Lafayette FCU": 39.47078664673063,
  "Lake Michigan Credit": 35.81631037688021,
  "Revolut": 35.78881246660785,
  "PenFed Credit Union": 33.809463287483595,
  "Westmark Credit Union": 32.89414174214835,
  "Dover FCU": 31.83050304419885,
  "Langley FCU": 31.83050304419885,
  "Wells Fargo Bank": 30.74222205525075,
  "Amalgamated Bank": 29.357332972587756,
  "Flagstar Bank": 26.25298624404786,
  "Bank5 Connect": 23.863554923866104,
  "SEFCU": 18.78441170072074,
  "Third Federal Savings and": 17.247476156167977,
  "Principal Bank": 16.402239628343523,
  "Bank Onward (Bo)": 15.902824887905808,
  "Elements Financial": 15.902824887905808,
  "One Finance": 15.902824887905808,
  "USAA Bank": 14.270270941435228,
  "Thrivent FCU": 13.77918050005428,
  "First Internet Bank": 12.720272868946267,
  "State Bank of India": 11.924790161356214,
  "KS StateBank": 11.924790161356214,
  "Pelican State Credit": 11.924790161356214,
  "First Technology FCU": 11.307647995401567,
  "Newtown Savings": 10.77282064474457,
  "Spectrum Credit Union": 10.484848976389912,
  "Chevron FCU": 10.443710842861037,
  "Technology Credit Union": 10.015885060061919,
  "Axos Bank": 9.697768986488882,
  "Visions FCU": 9.511290755875962,
  "Allegacy FCU": 7.948308168020958,
  "BECU (Boeing Employees Credit": 7.948308168020958,
  "American 1 Credit Union": 7.948308168020958,
  "The Delaware National Bank": 7.948308168020958,
  "Presidential Bank (MD)": 7.948308168020958,
  "FACILE": 7.948308168020958,
  "North American Savings": 7.948308168020958,
  "iGObanking": 7.948308168020958,
  "Empower FCU": 7.8112152580888505,
  "Pennsylvania State Employees": 7.153198044976307,
  "Charles Schwab Bank": 7.081915225775447,
  "MutualOne Bank": 6.358150002675757,
  "PurePoint Financial": 6.358150002675757,
  "Hughes FCU": 6.221077598558622,
  "Parda FCU": 5.782463412540892,
  "Credit Human": 5.563163491880914,
  "Northrop Grumman FCU": 5.371280072176887,
  "Premier America Credit": 4.768240141289425,
  "Pen Air Credit Union": 4.752342296498682,
  "Alabama Credit Union": 4.132345713363975,
  "Connexus Credit Union": 3.973378312679415,
  "Georgia Banking Company": 3.973378312679415,
  "Nationwide by Axos Bank": 3.973378312679415,
  "BankPurely": 3.973378312679415,
  "Utah First FCU": 3.973378312679415,
  "Hope FCU": 3.973378312679415,
  "Interior FCU": 3.178578545768687,
  "American Heritage FCU": 2.5427834135352896,
  "Wings Financial Credit Union": 2.3838408358096785,
  "Northfield Bank": 2.3838408358096785,
  "Latino Credit Union": 2.3838408358096785,
  "Self-Help FCU": 2.3838408358096785,
  "Self-Help Credit Union": 2.3838408358096785,
  "TBK Bank": 2.3838408358096785,
  "Abound Credit Union": 2.3838408358096785,
  "United FCU": 1.5891651780311804,
  "OneUnited Bank": 1.5891651780311804,
  "BankMD": 1.5891651780311804,
  "Peoples Security Bank and": 1.5891651780311804,
  "UNIFY Financial Credit": 1.5891651780311804,
  "Manasquan Bank": 1.5891651780311804,
  "Marine FCU": 1.5891651780311804,
  "Zeal Credit Union": 1.5891651780311804,
  "Veridian Credit Union": 1.5891651780311804,
  "Affinity Plus FCU": 1.5891651780311804,
  "ableBanking": 1.5891651780311804,
  "Pacific National Bank": 1.5891651780311804,
  "United States Senate": 1.5891651780311804,
  "NASA FCU": 1.5891651780311804,
  "Financial Partners Credit": 1.5891651780311804,
  "State Department FCU": 1.5891651780311804,
  "La Capitol FCU": 1.5891651780311804,
  "Teachers FCU": 1.5891651780311804,
  "Bellco Credit Union": 1.5891651780311804,
  "MapleMark Bank": 1.5891651780311804,
  "Hanscom FCU": 1.5891651780311804,
  "Securityplus": 1.5891651780311804,
  "U S Postal Service FCU": 1.5891651780311804,
  "Hiway Credit Union": 1.5891651780311804,
  "First Flight FCU": 1.5891651780311804,
  "Country Bank (MA)": 1.411056637940419,
  "Spectra Credit Union": 1.2877498435245798,
  "Sun East FCU": 1.137049692675646,
  "Summit Credit Union (WI)": 1.112389566411366,
  "Community Bank, National": 0.9370291842460574,
  "People's Credit Union": 0.7945515676965442,
  "Sidney FCU": 0.7945515676965442,
  "Chartway FCU": 0.7945515676965442,
  "Louisiana National Bank": 0.7945515676965442,
  "The Adirondack Trust": 0.7945515676965442,
  "RTN FCU": 0.7945515676965442,
  "Achieva Credit Union": 0.7945515676965442,
  "Mountain America Credit": 0.7945515676965442,
  "California Coast Credit": 0.7945515676965442,
  "Premier Members Credit": 0.7945515676965442,
  "Kinecta FCU": 0.7945515676965442,
  "Community Bank of": 0.7945515676965442,
  "Northwest FCU": 0.7945515676965442,
  "Department Of Commerce": 0.7945515676965442,
  "Wayne Bank": 0.7945515676965442,
  "Investors Bank": 0.7945515676965442,
  "Salal Credit Union": 0.7945515676965442,
  "Great Lakes Credit Union": 0.6411160229363304,
  "State Bank of Texas (SBT)": 0.6137170909860288,
  "NBT Bank, National": 0.47672349578169815,
  "Consumers Credit Union": 0.47672349578169815,
  "Princeton FCU": 0.47672349578169815,
  "Pima FCU": 0.47672349578169815,
  "Santander Bank, N.A": 0.47672349578169815,
  "Armed Forces Bank": 0.47672349578169815,
  "Industrial Bank": 0.31781318223329436,
  "Chemung Canal Trust": 0.31781318223329436,
  "City National Bank": 0.31781318223329436,
  "TD Bank": 0.31781318223329436,
  "Union Bank (San Francisco,": 0.1589053504030744,
  "Bank of America": 0.1589053504030744,
  "Chase Bank": 0.1589053504030744,
  "KeyBank": 0.1589053504030744,
  "Orion FCU": 0.1589053504030744,
  "Citizens Bank (RI)": 0.1589053504030744,
  "Liberty FCU": 0.1589053504030744,
  "M&T Bank": 0.1589053504030744,
  "University FCU": 0.1589053504030744,
  "PNC Bank": 0.1589053504030744,
  "US Bank": 0.1589053504030744,
  "Comerica Bank": 0.1589053504030744,
  "Salem Five": 0.1589053504030744
}