{
  "Digital FCU (DCU)": 2792.4756117090874,
  "Blue FCU": 2207.986118589586,
  "TAB Bank": 589.9934594797851,
  "CIBC Bank USA": 570.046192903259,
  "SFGI Direct": 557.7295639778749,
  "Live Oak Bank": 554.9617959566149,
  "Prime Alliance": 546.035605426956,
  "Citizens Access": 542.41848572444,
  "SmartyPig": 541.0778833605546,
  "Synchrony Bank": 541.0039839909095,
  "Salem Five Direct": 538.0403946582519,
  "Lake Michigan Credit": 531.3503421067599,
  "ConnectOne Bank": 526.2672381656357,
  "Marcus by Goldman": 525.6090134203241,
  "Ally Bank": 512.8281680049986,
  "USALLIANCE": 509.3481957311451,
  "American Express": 502.5365978076279,
  "Discover": 498.34799196348104,
  "Alliant Credit Union": 494.51276487363793,
  "DollarSavingsDirect": 493.23455816762544,
  "Barclays": 492.98812900034864,
  "Northpointe Bank": 492.95537337349015,
  "Sallie Mae Bank": 484.49654272274165,
  "FNBO Direct": 471.4786050755174,
  "PenFed Credit Union": 471.2504362190102,
  "MySavingsDirect": 468.0492423069154,
  "Colorado Federal Savings": 461.10813077950297,
  "Quorum FCU": 444.37520531366863,
  "Bank5 Connect": 432.0077193707366,
  "Heritage Bank": 425.31569478357414,
  "PurePoint Financial": 397.4340509404974,
  "MutualOne Bank": 389.8372308155085,
  "TIAA Bank": 377.27867386541766,
  "State Bank of India": 367.075886933575,
  "Axos Bank": 359.174504385659,
  "Amalgamated Bank": 354.6446055668821,
  "iGObanking": 349.39742051997564,
  "Northfield Bank": 341.2046926331277,
  "ableBanking": 329.200008056192,
  "Elements Financial": 320.9707331240734,
  "BankPurely": 290.08089761948213,
  "Langley FCU": 281.5076025374474,
  "EmigrantDirect.com": 263.8412620345971,
  "Pelican State Credit": 255.39631429459587,
  "USAA Bank": 234.5882300962876,
  "Georgia Banking Company": 231.61198803939988,
  "First Technology FCU": 220.43258440565114,
  "First Internet Bank": 208.54016383608723,
  "Lafayette FCU": 198.03649367696016,
  "Third Federal Savings and": 190.53011542755848,
  "Presidential Bank (MD)": 190.5238787097187,
  "Technology Credit Union": 189.30526800893495,
  "SEFCU": 186.06426389172157,
  "CNB Bank Direct": 183.50711522339589,
  "Affinity Plus FCU": 174.57270860535937,
  "Pen Air Credit Union": 172.3843110675898,
  "Chevron FCU": 163.87523863643037,
  "Spectrum Credit Union": 163.63855129685908,
  "KS StateBank": 145.44374732084543,
  "Visions FCU": 134.88705699331877,
  "North American Savings": 130.5149718891098,
  "Thrivent FCU": 129.79609212343712,
  "Newtown Savings": 124.91003123483279,
  "Premier America Credit": 118.60143445527683,
  "Parda FCU": 110.3159519634446,
  "Principal Bank": 107.21936384772562,
  "Alabama Credit Union": 104.32637576827256,
  "Credit Human": 102.17564126157959,
  "Connexus Credit Union": 100.29378323030687,
  "Hope FCU": 100.29378323030687,
  "Northrop Grumman FCU": 98.48417663160217,
  "The Delaware National Bank": 92.39649847415785,
  "Interior FCU": 87.21346715951768,
  "Patelco Credit Union": 84.5458310082904,
  "Empower FCU": 83.02744561156214,
  "Self-Help FCU": 80.6382222761913,
  "Self-Help Credit Union": 80.61060427843222,
  "American 1 Credit Union": 78.45658911874125,
  "Abound Credit Union": 77.26938669589435,
  "Latino Credit Union": 74.89531155676013,
  "Hanscom FCU": 72.30094762027147,
  "Marine FCU": 70.38332939266184,
  "Charles Schwab Bank": 69.76244272117037,
  "University FCU": 69.4590620399049,
  "Utah First FCU": 68.13486812662268,
  "United States Senate": 68.03831871871444,
  "American Heritage FCU": 66.76144006542745,
  "Hughes FCU": 66.50765342311752,
  "Pacific National Bank": 65.95609815214266,
  "Salal Credit Union": 64.10851255176021,
  "Manasquan Bank": 60.48339529402074,
  "Peoples Security Bank and": 59.93216734273483,
  "Wings Financial Credit Union": 59.64279057116619,
  "Securityplus": 58.96755467188086,
  "La Capitol FCU": 57.72748947050786,
  "U S Postal Service FCU": 52.107789826968656,
  "Veridian Credit Union": 46.642608819165616,
  "Pennsylvania State Employees": 44.01427335133121,
  "Mountain America Credit": 42.981663513259264,
  "Wells Fargo Bank": 41.413441593194875,
  "Bellco Credit Union": 40.46515661709418,
  "United FCU": 39.99753100534326,
  "Zeal Credit Union": 39.99753100534326,
  "NASA FCU": 39.99753100534326,
  "Financial Partners Credit": 39.99753100534326,
  "State Department FCU": 39.99753100534326,
  "Hiway Credit Union": 39.99753100534326,
  "First Flight FCU": 39.99753100534326,
  "Summit Credit Union (WI)": 39.392393498828824,
  "Allegacy FCU": 38.608465907958816,
  "Teachers FCU": 37.86598139025227,
  "Country Bank (MA)": 36.394779665291935,
  "BECU (Boeing Employees Credit": 35.26740490684824,
  "Premier Members Credit": 34.96503258467783,
  "Spectra Credit Union": 32.55965225993896,
  "The Adirondack Trust": 31.171734183291846,
  "Louisiana National Bank": 27.92931084209522,
  "UNIFY Financial Credit": 27.033704282228427,
  "Community Bank, National": 27.01448005271959,
  "RTN FCU": 26.8853583122509,
  "Department Of Commerce": 25.60804999618631,
  "Great Lakes Credit Union": 24.68515692778783,
  "KeyBank": 23.38340476864505,
  "Liberty FCU": 22.46627436817289,
  "Achieva Credit Union": 21.678238198359395,
  "People's Credit Union": 19.9788215623048,
  "Sidney FCU": 19.9788215623048,
  "Chartway FCU": 19.9788215623048,
  "California Coast Credit": 19.9788215623048,
  "Kinecta FCU": 19.9788215623048,
  "Community Bank of": 19.9788215623048,
  "Northwest FCU": 19.9788215623048,
  "Wayne Bank": 19.9788215623048,
  "Investors Bank": 19.9788215623048,
  "Sun East FCU": 19.3666571010981,
  "NBT Bank, National": 17.81584007917445,
  "City National Bank": 16.479306581726632,
  "Princeton FCU": 15.730158131644203,
  "Consumers Credit Union": 15.57100550229734,
  "Armed Forces Bank": 15.538077687842815,
  "TD Bank": 13.836953711685055,
  "Pima FCU": 12.745090789758251,
  "Santander Bank, N.A": 11.982510843537966,
  "Chemung Canal Trust": 11.464094996090353,
  "Chase Bank": 10.084527501121556,
  "Orion FCU": 8.70789434157814,
  "Salem Five": 8.480301864612557,
  "M&T Bank": 6.8982668811713665,
  "Bank of America": 6.514447820640271,
  "PNC Bank": 4.052875292256431,
  "US Bank": 3.992577097895264,
  "Comerica Bank": 3.992577097895264
}