{
  "Digital FCU (DCU)": 577.2132512461521,
  "Blue FCU": 465.2624069313497,
  "Service Credit Union": 465.2624069313497,
  "Workers Credit Union": 329.097204497084,
  "Affinity FCU": 257.91702407289085,
  "Bask Bank": 193.9622385615312,
  "First Foundation": 181.91305956837095,
  "My Banking Direct": 180.31797418011047,
  "Vio Bank": 175.97058827995716,
  "BrioDirect": 175.5243989530045,
  "CIT Bank": 172.464236093796,
  "TAB Bank": 172.39474297422566,
  "Prime Alliance": 168.07063568998274,
  "Valleydirect": 165.86128946632198,
  "CIBC Bank USA": 164.63647164638314,
  "Quontic Bank": 163.4255206561702,
  "USALLIANCE": 163.1331503328347,
  "Citizens Access": 160.9333888067922,
  "Personal Capital": 160.15352322663603,
  "Synchrony Bank": 159.65309116065328,
  "Salem Five Direct": 157.90750037331418,
  "DollarSavingsDirect": 157.03929890239306,
  "Rising Bank": 154.8668564361742,
  "Live Oak Bank": 151.39024455414437,
  "Barclays": 150.34731473000465,
  "Northpointe Bank": 149.5959440704246,
  "SmartyPig": 148.91538017149105,
  "Marcus by Goldman": 145.5794165730931,
  "Capital One": 144.31467886708742,
  "Discover": 144.16195711805267,
  "ConnectOne Bank": 143.93939817448336,
  "Betterment": 143.92518677161934,
  "Ally Bank": 142.78644215569147,
  "Sallie Mae Bank": 141.95263399705073,
  "SFGI Direct": 141.3611492746386,
  "American Express": 139.56361131453377,
  "Affirm": 137.77191452114312,
  "Colorado Federal Savings": 135.33962243831593,
  "TIAA Bank": 134.55086333714098,
  "Alliant Credit Union": 131.42818745298064,
  "Quorum FCU": 129.48503677388908,
  "FNBO Direct": 123.9225740437123,
  "EmigrantDirect.com": 123.67320357545759,
  "Heritage Bank": 120.45306940213595,
  "MySavingsDirect": 115.52131152670518,
  "PenFed Credit Union": 109.12314894564224,
  "Lafayette FCU": 104.17458598337362,
  "CNB Bank Direct": 102.22596400629482,
  "Lake Michigan Credit": 101.4542291827911,
  "Bank5 Connect": 82.22523494399138,
  "Bank Onward (Bo)": 81.68697498298752,
  "Revolut": 70.18852920962854,
  "Langley FCU": 69.41673008026919,
  "Flagstar Bank": 68.67207408890317,
  "Amalgamated Bank": 68.24443070915186,
  "Elements Financial": 66.32776664296944,
  "Patelco Credit Union": 59.36599143656349,
  "Axos Bank": 55.638679258772754,
  "Third Federal Savings and": 55.591652818277,
  "Pelican State Credit": 52.21762433780714,
  "First Internet Bank": 48.65177068510093,
  "FACILE": 45.58271512206193,
  "iGObanking": 45.58271512206193,
  "Technology Credit Union": 45.07631292001679,
  "State Bank of India": 43.69761284501328,
  "Principal Bank": 42.89127999574339,
  "SEFCU": 41.345057231734245,
  "Presidential Bank (MD)": 41.14580265931181,
  "Thrivent FCU": 39.614934529123275,
  "Chevron FCU": 39.474708292635114,
  "Newtown Savings": 39.28214789080812,
  "Spectrum Credit Union": 39.26842235080767,
  "MutualOne Bank": 36.44963007941806,
  "PurePoint Financial": 36.44963007941806,
  "USAA Bank": 36.35327206891998,
  "First Technology FCU": 35.954649506731585,
  "Wells Fargo Bank": 32.45170401574251,
  "KS StateBank": 30.800552884615172,
  "North American Savings": 30.264734111198777,
  "Premier America Credit": 27.324823523716987,
  "Pen Air Credit Union": 27.233617239307932,
  "American 1 Credit Union": 26.473206402391952,
  "Visions FCU": 26.363301938794393,
  "Empower FCU": 25.45689065669285,
  "The Delaware National Bank": 24.967978976512313,
  "Credit Human": 24.632935526404253,
  "Parda FCU": 24.578005748713622,
  "Alabama Credit Union": 23.67721720206282,
  "Connexus Credit Union": 22.765522340359894,
  "Georgia Banking Company": 22.765522340359894,
  "Nationwide by Axos Bank": 22.765522340359894,
  "BankPurely": 22.765522340359894,
  "Hope FCU": 22.765522340359894,
  "Hughes FCU": 22.518377794907792,
  "Charles Schwab Bank": 19.750894715905815,
  "BECU (Boeing Employees Credit": 19.347358193146647,
  "Northrop Grumman FCU": 18.735277153939023,
  "Interior FCU": 18.208287973773622,
  "Allegacy FCU": 17.329969981223257,
  "Pennsylvania State Employees": 16.04017766618381,
  "American Heritage FCU": 14.563987961206294,
  "Wings Financial Credit Union": 13.653119489921664,
  "Northfield Bank": 13.653119489921664,
  "Latino Credit Union": 13.653119489921664,
  "Self-Help FCU": 13.653119489921664,
  "Self-Help Credit Union": 13.653119489921664,
  "TBK Bank": 13.653119489921664,
  "Abound Credit Union": 13.653119489921664,
  "Spectra Credit Union": 13.337583250142416,
  "Utah First FCU": 12.26775934606485,
  "United FCU": 9.100015955087656,
  "OneUnited Bank": 9.100015955087656,
  "BankMD": 9.100015955087656,
  "Peoples Security Bank and": 9.100015955087656,
  "Manasquan Bank": 9.100015955087656,
  "Marine FCU": 9.100015955087656,
  "Zeal Credit Union": 9.100015955087656,
  "Veridian Credit Union": 9.100015955087656,
  "Affinity Plus FCU": 9.100015955087656,
  "ableBanking": 9.100015955087656,
  "Pacific National Bank": 9.100015955087656,
  "NASA FCU": 9.100015955087656,
  "Financial Partners Credit": 9.100015955087656,
  "State Department FCU": 9.100015955087656,
  "La Capitol FCU": 9.100015955087656,
  "Bellco Credit Union": 9.100015955087656,
  "MapleMark Bank": 9.100015955087656,
  "Hanscom FCU": 9.100015955087656,
  "Securityplus": 9.100015955087656,
  "U S Postal Service FCU": 9.100015955087656,
  "Hiway Credit Union": 9.100015955087656,
  "First Flight FCU": 9.100015955087656,
  "UNIFY Financial Credit": 8.255449585225506,
  "Teachers FCU": 8.208836228415748,
  "United States Senate": 6.824237472666937,
  "Summit Credit Union (WI)": 6.369144621367013,
  "Community Bank, National": 5.404194492431998,
  "Country Bank (MA)": 5.165712950150919,
  "People's Credit Union": 4.548976436095472,
  "Sidney FCU": 4.548976436095472,
  "Chartway FCU": 4.548976436095472,
  "Louisiana National Bank": 4.548976436095472,
  "The Adirondack Trust": 4.548976436095472,
  "RTN FCU": 4.548976436095472,
  "Mountain America Credit": 4.548976436095472,
  "California Coast Credit": 4.548976436095472,
  "Premier Members Credit": 4.548976436095472,
  "Kinecta FCU": 4.548976436095472,
  "Community Bank of": 4.548976436095472,
  "Northwest FCU": 4.548976436095472,
  "Department Of Commerce": 4.548976436095472,
  "Wayne Bank": 4.548976436095472,
  "Investors Bank": 4.548976436095472,
  "Salal Credit Union": 4.548976436095472,
  "State Bank of Texas (SBT)": 4.368074071844603,
  "Sun East FCU": 3.84731242547241,
  "Achieva Credit Union": 3.6280531334377883,
  "Liberty FCU": 3.397835238278276,
  "Pima FCU": 3.16762014244523,
  "NBT Bank, National": 2.7291383440588106,
  "Consumers Credit Union": 2.7291383440588106,
  "Princeton FCU": 2.7291383440588106,
  "Santander Bank, N.A": 2.7291383440588106,
  "Armed Forces Bank": 2.7291383440588106,
  "Industrial Bank": 1.8193430640167207,
  "Chemung Canal Trust": 1.8193430640167207,
  "City National Bank": 1.8193430640167207,
  "TD Bank": 1.8193430640167207,
  "Great Lakes Credit Union": 1.3918771583666967,
  "Union Bank (San Francisco,": 0.9096302856469265,
  "Bank of America": 0.9096302856469265,
  "Chase Bank": 0.9096302856469265,
  "KeyBank": 0.9096302856469265,
  "Orion FCU": 0.9096302856469265,
  "Citizens Bank (RI)": 0.9096302856469265,
  "M&T Bank": 0.9096302856469265,
  "University FCU": 0.9096302856469265,
  "PNC Bank": 0.9096302856469265,
  "US Bank": 0.9096302856469265,
  "Comerica Bank": 0.9096302856469265,
  "Salem Five": 0.9096302856469265
}