{
  "Blue FCU": 7311.421099350126,
  "Langley FCU": 1912.7012429051647,
  "Salem Five Direct": 1439.8613964323504,
  "SFGI Direct": 1424.8575637788563,
  "Ally Bank": 1326.5910828907527,
  "SmartyPig": 1317.2619412110853,
  "American Express": 1277.692713531942,
  "Discover": 1277.5320596165711,
  "FNBO Direct": 1217.2812503887162,
  "Sallie Mae Bank": 1211.2686616193441,
  "Colorado Federal Savings": 1136.6830287221856,
  "DollarSavingsDirect": 1128.1635803456065,
  "iGObanking": 921.3620251805041,
  "Prime Alliance": 706.6792922666191,
  "EmigrantDirect.com": 638.7857989914573,
  "Presidential Bank (MD)": 559.180583794805,
  "First Technology FCU": 547.5702441245157,
  "SEFCU": 524.6808561957132,
  "Pen Air Credit Union": 516.7823511178685,
  "North American Savings": 511.05149270403126,
  "First Internet Bank": 505.8403609883626,
  "USAA Bank": 492.4545917758369,
  "Newtown Savings": 454.9179140700726,
  "CNB Bank Direct": 422.8419835721179,
  "Lafayette FCU": 419.4389652960999,
  "Visions FCU": 406.00951831761085,
  "Third Federal Savings and": 396.53376164853944,
  "Chevron FCU": 372.6504824191743,
  "Technology Credit Union": 352.5582952732584,
  "Parda FCU": 348.1406518069725,
  "Peoples Security Bank and": 347.12521337116414,
  "Hope FCU": 332.95569351137783,
  "Pacific National Bank": 327.29530855811026,
  "Alabama Credit Union": 315.0148248129153,
  "Abound Credit Union": 300.59234699056833,
  "Self-Help Credit Union": 287.1399853952971,
  "Interior FCU": 284.9842570829769,
  "Northrop Grumman FCU": 284.5446777176512,
  "Credit Human": 280.519057677875,
  "Principal Bank": 248.04440044407238,
  "University FCU": 247.22490123728494,
  "Premier America Credit": 233.25338794539493,
  "Latino Credit Union": 216.93541753432328,
  "Charles Schwab Bank": 213.79217841487298,
  "Empower FCU": 210.61125706939674,
  "American 1 Credit Union": 196.20075157983592,
  "Teachers FCU": 192.7792254324322,
  "Veridian Credit Union": 191.76002715019422,
  "Patelco Credit Union": 190.99120375381244,
  "Northwest FCU": 180.56925667171345,
  "Wings Financial Credit Union": 178.1709741602972,
  "Salal Credit Union": 175.5918130635855,
  "United States Senate": 174.60203238373288,
  "La Capitol FCU": 174.54650339694126,
  "U S Postal Service FCU": 164.90622973669815,
  "Hughes FCU": 159.42140927294167,
  "Pennsylvania State Employees": 152.86865154769112,
  "Country Bank (MA)": 150.44897122025031,
  "Securityplus": 149.42006763161407,
  "RTN FCU": 140.9287119527071,
  "UNIFY Financial Credit": 132.20572520001588,
  "Utah First FCU": 129.29403495294355,
  "Department Of Commerce": 128.07044974779274,
  "State Department FCU": 126.50559411935137,
  "United FCU": 122.09530748776342,
  "Mountain America Credit": 117.94949064337561,
  "Zeal Credit Union": 112.36618754207666,
  "NASA FCU": 110.52397167040544,
  "Financial Partners Credit": 110.52397167040544,
  "First Flight FCU": 110.52397167040544,
  "Allegacy FCU": 109.12514901906434,
  "Louisiana National Bank": 108.61283065600219,
  "BECU (Boeing Employees Credit": 107.14505942689175,
  "The Adirondack Trust": 104.32106957612632,
  "Liberty FCU": 101.320670433739,
  "Achieva Credit Union": 94.75834509624292,
  "Chase Bank": 92.84459301229072,
  "Community Bank, National": 86.91239077994396,
  "Premier Members Credit": 86.16347226626203,
  "Bellco Credit Union": 85.01679236507334,
  "Great Lakes Credit Union": 82.37565162199644,
  "Sun East FCU": 75.63244588810267,
  "Spectra Credit Union": 73.74994999317278,
  "Princeton FCU": 66.94077212905358,
  "Wayne Bank": 63.46073165350572,
  "Sidney FCU": 59.904695213448576,
  "Armed Forces Bank": 56.92024210528871,
  "Chartway FCU": 56.10195113128975,
  "People's Credit Union": 55.11016736692909,
  "California Coast Credit": 55.11016736692909,
  "Kinecta FCU": 55.11016736692909,
  "Consumers Credit Union": 50.686896931933006,
  "Orion FCU": 48.31355729752795,
  "Pima FCU": 47.85107419573069,
  "Chemung Canal Trust": 46.56558706465512,
  "Salem Five": 44.41062303896433,
  "M&T Bank": 20.91773194835514,
  "US Bank": 14.17990288760484,
  "Comerica Bank": 12.797219578455042
}