{
  "Blue FCU": 5667.261558778426,
  "Digital FCU (DCU)": 5616.570507957489,
  "Salem Five Direct": 1225.2660541659243,
  "SFGI Direct": 1218.8299775889482,
  "Synchrony Bank": 1191.5543011553345,
  "Ally Bank": 1131.1422402164571,
  "Langley FCU": 1119.7940482874637,
  "SmartyPig": 1107.03537908428,
  "Discover": 1096.3555160981796,
  "American Express": 1087.3363742567235,
  "MySavingsDirect": 1058.1517821645448,
  "FNBO Direct": 1048.6750104959228,
  "Barclays": 1047.7226579054732,
  "Sallie Mae Bank": 1027.394705843666,
  "DollarSavingsDirect": 991.5695613372118,
  "Bank5 Connect": 976.2980743282642,
  "ableBanking": 952.9896819312562,
  "Colorado Federal Savings": 948.96175472906,
  "iGObanking": 864.2423004747361,
  "Prime Alliance": 652.0247335011809,
  "EmigrantDirect.com": 523.6698386428889,
  "First Technology FCU": 457.5227993086555,
  "Presidential Bank (MD)": 448.49642979463715,
  "SEFCU": 428.741293465273,
  "First Internet Bank": 420.93021137541473,
  "USAA Bank": 419.4983103319355,
  "Pen Air Credit Union": 412.3960689611322,
  "KS StateBank": 407.97644227577075,
  "North American Savings": 388.3344219101564,
  "Lafayette FCU": 352.1594400149388,
  "Newtown Savings": 329.4456495288705,
  "Spectrum Credit Union": 328.8514095624396,
  "CNB Bank Direct": 327.2056183012537,
  "Third Federal Savings and": 323.2912785292083,
  "Technology Credit Union": 316.67890365464336,
  "Chevron FCU": 311.053157736882,
  "Visions FCU": 298.1088032233274,
  "Parda FCU": 263.1131775755366,
  "Pacific National Bank": 255.25701496947113,
  "Alabama Credit Union": 236.53967219264632,
  "Northrop Grumman FCU": 233.25047237025137,
  "Hope FCU": 230.1417671873969,
  "Credit Human": 229.2449301255274,
  "Interior FCU": 223.45936363674446,
  "Peoples Security Bank and": 213.29688412150244,
  "Self-Help Credit Union": 207.4086393045327,
  "Abound Credit Union": 206.54174684311147,
  "Premier America Credit": 202.5996942994425,
  "The Delaware National Bank": 202.2782443743963,
  "University FCU": 196.116828415692,
  "Principal Bank": 191.31854468323763,
  "Manasquan Bank": 187.02826206961254,
  "Latino Credit Union": 176.1494139951319,
  "Charles Schwab Bank": 174.18102753215135,
  "Patelco Credit Union": 160.46410641089642,
  "Empower FCU": 160.21466892409262,
  "American 1 Credit Union": 158.53070165121244,
  "United States Senate": 148.88315141138082,
  "Hughes FCU": 139.1228995366091,
  "Wings Financial Credit Union": 134.9293120105758,
  "La Capitol FCU": 133.4438715729775,
  "Salal Credit Union": 133.12452437386492,
  "Northwest FCU": 129.79362912867327,
  "U S Postal Service FCU": 129.64109982977607,
  "Securityplus": 128.5726614949799,
  "Utah First FCU": 123.48177775654767,
  "Veridian Credit Union": 122.27554194569893,
  "Teachers FCU": 121.31877261270529,
  "Pennsylvania State Employees": 119.6274198955889,
  "Summit Credit Union (WI)": 116.16243605479576,
  "Country Bank (MA)": 111.95056529020803,
  "RTN FCU": 100.44612716245501,
  "Mountain America Credit": 93.32224945961025,
  "United FCU": 90.32315894585554,
  "Zeal Credit Union": 90.32315894585554,
  "NASA FCU": 90.32315894585554,
  "Financial Partners Credit": 90.32315894585554,
  "State Department FCU": 90.32315894585554,
  "First Flight FCU": 90.32315894585554,
  "UNIFY Financial Credit": 90.08539687854682,
  "Allegacy FCU": 88.9271311401917,
  "Department Of Commerce": 87.63919513697692,
  "BECU (Boeing Employees Credit": 85.56932302415589,
  "The Adirondack Trust": 81.45312269377973,
  "Louisiana National Bank": 78.19444666030904,
  "Liberty FCU": 77.74162345720288,
  "Premier Members Credit": 76.08235709657492,
  "Bellco Credit Union": 74.77120960318825,
  "Great Lakes Credit Union": 72.29832237704613,
  "Achieva Credit Union": 71.91204042761274,
  "Community Bank, National": 62.17048413939847,
  "Sun East FCU": 59.52434154702678,
  "City National Bank": 59.44991371062315,
  "Spectra Credit Union": 57.67241206015569,
  "Chase Bank": 47.44639852658838,
  "People's Credit Union": 45.06008995944467,
  "Sidney FCU": 45.06008995944467,
  "Chartway FCU": 45.06008995944467,
  "California Coast Credit": 45.06008995944467,
  "Kinecta FCU": 45.06008995944467,
  "Wayne Bank": 45.06008995944467,
  "TD Bank": 43.483248288261166,
  "Princeton FCU": 40.80079158938315,
  "Consumers Credit Union": 40.641240580975136,
  "Armed Forces Bank": 40.60823034406167,
  "Pima FCU": 37.80825224811997,
  "Chemung Canal Trust": 36.52404996076439,
  "Orion FCU": 33.76095018899832,
  "Salem Five": 33.53278801939996,
  "M&T Bank": 16.9101675201764,
  "US Bank": 8.995823409961304,
  "Comerica Bank": 8.995823409961304
}