{
  "Digital FCU (DCU)": 3489.2675876257854,
  "Blue FCU": 2832.5758576552853,
  "SFGI Direct": 747.3732237700515,
  "Live Oak Bank": 746.6517843069923,
  "Salem Five Direct": 742.0994331116399,
  "Synchrony Bank": 729.2654530271029,
  "Marcus by Goldman": 715.2980198681817,
  "SmartyPig": 701.555188712482,
  "Ally Bank": 694.0511111839387,
  "American Express": 685.2505816542816,
  "DollarSavingsDirect": 681.4768948513938,
  "Discover": 679.0872757394263,
  "Alliant Credit Union": 673.5630027766128,
  "Northpointe Bank": 672.7507562009705,
  "Sallie Mae Bank": 665.575847496968,
  "FNBO Direct": 658.4983609502742,
  "Lake Michigan Credit": 658.193512242291,
  "MySavingsDirect": 624.794191361012,
  "Barclays": 614.3520858398606,
  "Quorum FCU": 603.9612603975038,
  "PurePoint Financial": 596.3170902909278,
  "Heritage Bank": 588.4680099080906,
  "Bank5 Connect": 588.1840951122813,
  "Colorado Federal Savings": 580.0016844442616,
  "Prime Alliance": 567.1487248753274,
  "State Bank of India": 518.7354102084373,
  "ableBanking": 514.4564527100028,
  "iGObanking": 490.0731067234228,
  "BankPurely": 448.91229829012264,
  "Elements Financial": 410.255339743946,
  "Langley FCU": 406.6674600851147,
  "EmigrantDirect.com": 315.2886271977168,
  "First Technology FCU": 307.6047776699852,
  "USAA Bank": 295.2120503587812,
  "Affinity Plus FCU": 276.827456578063,
  "SEFCU": 255.87393597085065,
  "First Internet Bank": 255.52302051287188,
  "Third Federal Savings and": 248.1917998513527,
  "Technology Credit Union": 243.05866380761108,
  "Presidential Bank (MD)": 241.60374148296796,
  "Lafayette FCU": 228.6764141413223,
  "Pen Air Credit Union": 226.4266667462689,
  "CNB Bank Direct": 210.01858928034562,
  "Chevron FCU": 208.45681419998618,
  "Spectrum Credit Union": 205.6464074329724,
  "KS StateBank": 201.88609803382133,
  "North American Savings": 182.63301309298004,
  "Visions FCU": 173.27756165792925,
  "Newtown Savings": 165.49055594321726,
  "Thrivent FCU": 165.31232531471505,
  "Premier America Credit": 141.56750121792174,
  "Parda FCU": 140.69231674992807,
  "Principal Bank": 135.44804876358648,
  "Alabama Credit Union": 130.63171277480433,
  "Northrop Grumman FCU": 130.02108677692195,
  "Credit Human": 127.46258928030693,
  "Connexus Credit Union": 125.57602073440103,
  "Hope FCU": 125.57602073440103,
  "The Delaware National Bank": 117.4094948586062,
  "Interior FCU": 112.46296307557168,
  "Pacific National Bank": 111.32695443211742,
  "Charles Schwab Bank": 110.92522736979845,
  "Self-Help FCU": 105.87125957174976,
  "Self-Help Credit Union": 105.84357244290732,
  "Hanscom FCU": 104.72221050744156,
  "United States Senate": 104.48681013213354,
  "Abound Credit Union": 102.49399139499837,
  "Patelco Credit Union": 99.68396941432911,
  "Empower FCU": 98.43996920693826,
  "American 1 Credit Union": 97.76213032778651,
  "Marine FCU": 95.59069747077774,
  "Latino Credit Union": 95.06521009501375,
  "University FCU": 94.6641165668425,
  "Hughes FCU": 88.0702187205934,
  "Salal Credit Union": 87.29634065033679,
  "American Heritage FCU": 86.50053393737107,
  "Manasquan Bank": 85.66598265872017,
  "Utah First FCU": 83.06878587371284,
  "Securityplus": 80.59682236781919,
  "Peoples Security Bank and": 80.07210972852226,
  "Wings Financial Credit Union": 74.30192475908552,
  "La Capitol FCU": 72.82537026136924,
  "U S Postal Service FCU": 69.04534678877462,
  "Veridian Credit Union": 61.723849846479425,
  "Pennsylvania State Employees": 59.091568925212414,
  "Summit Credit Union (WI)": 54.46275106495341,
  "Premier Members Credit": 53.89804295657086,
  "Mountain America Credit": 53.02965457051869,
  "Country Bank (MA)": 51.46063744591265,
  "Bellco Credit Union": 50.510629912254444,
  "United FCU": 50.04253644164237,
  "Zeal Credit Union": 50.04253644164237,
  "NASA FCU": 50.04253644164237,
  "Financial Partners Credit": 50.04253644164237,
  "State Department FCU": 50.04253644164237,
  "Hiway Credit Union": 50.04253644164237,
  "First Flight FCU": 50.04253644164237,
  "Allegacy FCU": 48.652081586260465,
  "Teachers FCU": 47.90885421373241,
  "BECU (Boeing Employees Credit": 45.3076778576833,
  "Wells Fargo Bank": 44.44282711646156,
  "Great Lakes Credit Union": 41.920399325888866,
  "The Adirondack Trust": 41.207909420443684,
  "Louisiana National Bank": 37.96224203867496,
  "Spectra Credit Union": 37.57718292750906,
  "UNIFY Financial Credit": 37.06573942553405,
  "RTN FCU": 36.917245035572705,
  "Department Of Commerce": 35.638658774065334,
  "Community Bank, National": 34.035840645246935,
  "Liberty FCU": 33.49703645538284,
  "Achieva Credit Union": 31.7049152042855,
  "Northwest FCU": 29.000841890174343,
  "Sun East FCU": 27.385348688254453,
  "People's Credit Union": 24.990060245976565,
  "Sidney FCU": 24.990060245976565,
  "Chartway FCU": 24.990060245976565,
  "California Coast Credit": 24.990060245976565,
  "Kinecta FCU": 24.990060245976565,
  "Community Bank of": 24.990060245976565,
  "Wayne Bank": 24.990060245976565,
  "Investors Bank": 24.990060245976565,
  "NBT Bank, National": 22.825997002417353,
  "City National Bank": 21.48879507161837,
  "Princeton FCU": 20.73927195388569,
  "Consumers Credit Union": 20.580039728381962,
  "Armed Forces Bank": 20.547095445914238,
  "TD Bank": 18.84512069566881,
  "Pima FCU": 17.752711706114496,
  "Chemung Canal Trust": 16.47107525490901,
  "Orion FCU": 13.713496156417023,
  "Salem Five": 13.485789854821633,
  "Chase Bank": 11.911190702880049,
  "M&T Bank": 8.89984613719571,
  "PNC Bank": 5.053330464981627,
  "US Bank": 4.993026240499603,
  "Comerica Bank": 4.993026240499603
}