{
  "Digital FCU (DCU)": 308.92390635143784,
  "Blue FCU": 249.62314454459374,
  "Service Credit Union": 249.62314454459374,
  "Workers Credit Union": 177.10308396430082,
  "Affinity FCU": 172.83834496344753,
  "Bask Bank": 148.88830019191664,
  "First Foundation": 143.86549346800166,
  "BrioDirect": 143.84893023958648,
  "Vio Bank": 141.1563944551708,
  "My Banking Direct": 140.80650682787928,
  "Bread Financial": 138.70093103414365,
  "CIT Bank": 138.65919858110828,
  "Personal Capital": 137.0206193932081,
  "TAB Bank": 136.31252049312207,
  "Prime Alliance": 132.9642489255075,
  "DollarSavingsDirect": 132.46978239029704,
  "Valleydirect": 132.43902832059757,
  "CIBC Bank USA": 132.01211961903937,
  "Citizens Access": 131.59297518564927,
  "Northpointe Bank": 130.56609860791832,
  "Salem Five Direct": 129.6525397966525,
  "Synchrony Bank": 127.88819512818372,
  "SoFi Bank, N.A": 127.05593857700842,
  "USALLIANCE": 127.02828286329895,
  "Quontic Bank": 125.3637727205114,
  "Rising Bank": 125.33589336804653,
  "Betterment": 122.34045957713352,
  "Barclays": 120.12244367970015,
  "Live Oak Bank": 119.42938137199235,
  "Capital One": 118.0571369521931,
  "Sallie Mae Bank": 117.93241337343534,
  "SmartyPig": 117.37805413019123,
  "Marcus by Goldman": 116.39417638456689,
  "Discover": 116.10317857976224,
  "Ally Bank": 115.1194293076278,
  "ConnectOne Bank": 113.13788177749484,
  "American Express": 112.62569579055526,
  "SFGI Direct": 112.44569071988917,
  "Affirm": 110.36784364362575,
  "Quorum FCU": 109.63421228423613,
  "TIAA Bank": 107.79241461383572,
  "Colorado Federal Savings": 106.39425696731087,
  "Heritage Bank": 105.86805859713058,
  "FNBO Direct": 102.78168880170415,
  "Alliant Credit Union": 102.15909949174238,
  "Seattle Bank": 101.33149642891658,
  "EmigrantDirect.com": 99.11522785947454,
  "MySavingsDirect": 98.21515212304621,
  "CNB Bank Direct": 89.6351576467423,
  "Lafayette FCU": 88.26969224586901,
  "PenFed Credit Union": 81.5617542089567,
  "Lake Michigan Credit": 74.14833100350734,
  "Revolut": 67.253430915438,
  "Bank5 Connect": 65.44480558713622,
  "Westmark Credit Union": 60.80194504543215,
  "Patelco Credit Union": 57.27165800003968,
  "Langley FCU": 56.04577120915201,
  "Flagstar Bank": 52.29976185488158,
  "Amalgamated Bank": 51.22566281005129,
  "Bank Onward (Bo)": 49.43618855119894,
  "One Finance": 49.43618855119894,
  "Third Federal Savings and": 45.995258490958804,
  "Elements Financial": 45.88509146452634,
  "First Internet Bank": 38.19564029278263,
  "Principal Bank": 36.90861503551423,
  "SEFCU": 32.98535945846197,
  "Pelican State Credit": 32.9305076961391,
  "Wells Fargo Bank": 32.03392300230007,
  "State Bank of India": 30.333320776884648,
  "Thrivent FCU": 30.143690017775953,
  "Axos Bank": 30.127231972666777,
  "USAA Bank": 30.085958925210434,
  "Newtown Savings": 29.989831287179186,
  "Technology Credit Union": 28.357712658138553,
  "First Technology FCU": 26.720352174346772,
  "Chevron FCU": 26.47313140760889,
  "Spectrum Credit Union": 26.29458161466573,
  "Presidential Bank (MD)": 24.68778964500416,
  "FACILE": 24.68778964500416,
  "iGObanking": 24.68778964500416,
  "KS StateBank": 23.45192397469873,
  "Visions FCU": 21.722040586279036,
  "North American Savings": 19.827736360382914,
  "American 1 Credit Union": 19.786560960330462,
  "MutualOne Bank": 19.745387703695087,
  "PurePoint Financial": 19.745387703695087,
  "The Delaware National Bank": 18.828549528034273,
  "BECU (Boeing Employees Credit": 17.75537224306936,
  "Empower FCU": 17.63187008755085,
  "Charles Schwab Bank": 16.9594825412114,
  "Hughes FCU": 15.820647116304826,
  "Allegacy FCU": 15.244388333372626,
  "Premier America Credit": 14.805408949659977,
  "Pen Air Credit Union": 14.756021395276548,
  "Credit Human": 14.20179794685464,
  "Parda FCU": 14.146925326358541,
  "Pennsylvania State Employees": 13.954864549681588,
  "Alabama Credit Union": 12.830095675992197,
  "Northrop Grumman FCU": 12.679216606256887,
  "Connexus Credit Union": 12.33632789866897,
  "Georgia Banking Company": 12.33632789866897,
  "Nationwide by Axos Bank": 12.33632789866897,
  "BankPurely": 12.33632789866897,
  "Hope FCU": 12.33632789866897,
  "Spectra Credit Union": 11.252832806658262,
  "Utah First FCU": 10.183231637096469,
  "Interior FCU": 9.867852201499772,
  "American Heritage FCU": 7.893507399532609,
  "Wings Financial Credit Union": 7.3999817105868715,
  "Northfield Bank": 7.3999817105868715,
  "Latino Credit Union": 7.3999817105868715,
  "Self-Help FCU": 7.3999817105868715,
  "Self-Help Credit Union": 7.3999817105868715,
  "TBK Bank": 7.3999817105868715,
  "Abound Credit Union": 7.3999817105868715,
  "United FCU": 4.932716278359294,
  "OneUnited Bank": 4.932716278359294,
  "BankMD": 4.932716278359294,
  "Peoples Security Bank and": 4.932716278359294,
  "UNIFY Financial Credit": 4.932716278359294,
  "Manasquan Bank": 4.932716278359294,
  "Marine FCU": 4.932716278359294,
  "Zeal Credit Union": 4.932716278359294,
  "Veridian Credit Union": 4.932716278359294,
  "Affinity Plus FCU": 4.932716278359294,
  "ableBanking": 4.932716278359294,
  "Pacific National Bank": 4.932716278359294,
  "NASA FCU": 4.932716278359294,
  "Financial Partners Credit": 4.932716278359294,
  "State Department FCU": 4.932716278359294,
  "La Capitol FCU": 4.932716278359294,
  "Teachers FCU": 4.932716278359294,
  "Bellco Credit Union": 4.932716278359294,
  "MapleMark Bank": 4.932716278359294,
  "Hanscom FCU": 4.932716278359294,
  "Securityplus": 4.932716278359294,
  "U S Postal Service FCU": 4.932716278359294,
  "Hiway Credit Union": 4.932716278359294,
  "First Flight FCU": 4.932716278359294,
  "United States Senate": 4.7408430905616115,
  "Summit Credit Union (WI)": 3.4526473857731617,
  "Country Bank (MA)": 3.082663868482996,
  "Sun East FCU": 2.808611126496544,
  "Community Bank, National": 2.4879785051434737,
  "People's Credit Union": 2.466055757346112,
  "Sidney FCU": 2.466055757346112,
  "Chartway FCU": 2.466055757346112,
  "Louisiana National Bank": 2.466055757346112,
  "The Adirondack Trust": 2.466055757346112,
  "RTN FCU": 2.466055757346112,
  "Mountain America Credit": 2.466055757346112,
  "California Coast Credit": 2.466055757346112,
  "Premier Members Credit": 2.466055757346112,
  "Kinecta FCU": 2.466055757346112,
  "Community Bank of": 2.466055757346112,
  "Northwest FCU": 2.466055757346112,
  "Department Of Commerce": 2.466055757346112,
  "Wayne Bank": 2.466055757346112,
  "Investors Bank": 2.466055757346112,
  "Salal Credit Union": 2.466055757346112,
  "Achieva Credit Union": 2.378363384761542,
  "State Bank of Texas (SBT)": 2.285191056487747,
  "NBT Bank, National": 1.4795608910917508,
  "Consumers Credit Union": 1.4795608910917508,
  "Princeton FCU": 1.4795608910917508,
  "Pima FCU": 1.4795608910917508,
  "Santander Bank, N.A": 1.4795608910917508,
  "Armed Forces Bank": 1.4795608910917508,
  "Liberty FCU": 1.3151542240902927,
  "Industrial Bank": 0.9863497406513488,
  "Chemung Canal Trust": 0.9863497406513488,
  "City National Bank": 0.9863497406513488,
  "TD Bank": 0.9863497406513488,
  "Great Lakes Credit Union": 0.9753895681387803,
  "Union Bank (San Francisco,": 0.49316277761681704,
  "Bank of America": 0.49316277761681704,
  "Chase Bank": 0.49316277761681704,
  "KeyBank": 0.49316277761681704,
  "Orion FCU": 0.49316277761681704,
  "Citizens Bank (RI)": 0.49316277761681704,
  "M&T Bank": 0.49316277761681704,
  "University FCU": 0.49316277761681704,
  "PNC Bank": 0.49316277761681704,
  "US Bank": 0.49316277761681704,
  "Comerica Bank": 0.49316277761681704,
  "Salem Five": 0.49316277761681704
}