{
  "Digital FCU (DCU)": 5148.98947572263,
  "Blue FCU": 4904.7014214047485,
  "Salem Five Direct": 1114.00058444776,
  "SFGI Direct": 1106.091641564777,
  "Synchrony Bank": 1085.3900682201383,
  "Ally Bank": 1032.5399974051415,
  "Discover": 1001.6084059691984,
  "American Express": 997.8474829734896,
  "SmartyPig": 996.5200368533497,
  "Langley FCU": 980.9754401995942,
  "FNBO Direct": 960.8343786714177,
  "Barclays": 947.6906607433684,
  "MySavingsDirect": 946.3683239565689,
  "Sallie Mae Bank": 939.5284447697559,
  "DollarSavingsDirect": 931.2823248412333,
  "Quorum FCU": 905.1237659473009,
  "Bank5 Connect": 877.9558080922216,
  "ableBanking": 856.50390736173,
  "Colorado Federal Savings": 856.291067221171,
  "iGObanking": 809.5389521314064,
  "State Bank of India": 803.1430916719419,
  "Prime Alliance": 630.7420321385653,
  "Elements Financial": 617.8778542808632,
  "EmigrantDirect.com": 471.18317495256633,
  "First Technology FCU": 420.98562204765585,
  "Presidential Bank (MD)": 396.3846924835252,
  "USAA Bank": 388.2867843650565,
  "SEFCU": 387.1098747542983,
  "First Internet Bank": 379.32997441687985,
  "Pen Air Credit Union": 365.645841738562,
  "KS StateBank": 356.0667978647489,
  "North American Savings": 336.52274181511166,
  "Lafayette FCU": 321.1496271091364,
  "Third Federal Savings and": 302.66538525012766,
  "Technology Credit Union": 301.21551751234256,
  "Spectrum Credit Union": 297.91141568018975,
  "CNB Bank Direct": 289.96784628822024,
  "Newtown Savings": 288.2106179189832,
  "Chevron FCU": 285.3078081076437,
  "Visions FCU": 249.86372018722977,
  "Parda FCU": 232.37010205472689,
  "Pacific National Bank": 219.426527137608,
  "Alabama Credit Union": 209.95933312870693,
  "Northrop Grumman FCU": 207.69938585901764,
  "Credit Human": 203.70384492885933,
  "Hope FCU": 201.80307397503384,
  "Interior FCU": 192.8350708065027,
  "Premier America Credit": 187.30729834504564,
  "Self-Help Credit Union": 181.922076466828,
  "Abound Credit Union": 178.5472792049004,
  "The Delaware National Bank": 178.29626265813204,
  "University FCU": 170.65845975126467,
  "Hanscom FCU": 170.21260327483287,
  "Principal Bank": 167.34839613296754,
  "Peoples Security Bank and": 163.68077151263606,
  "Charles Schwab Bank": 161.9793528259288,
  "Manasquan Bank": 161.59258636534832,
  "Latino Credit Union": 155.81750955276766,
  "Patelco Credit Union": 145.23486632986533,
  "Empower FCU": 143.98525551862622,
  "American 1 Credit Union": 143.3043594973533,
  "United States Senate": 142.79565295577595,
  "American Heritage FCU": 135.0320124990194,
  "Hughes FCU": 128.9888583844786,
  "Wings Financial Credit Union": 119.73834533023,
  "Securityplus": 118.44916529309558,
  "La Capitol FCU": 118.25513137846247,
  "Salal Credit Union": 117.60362635336969,
  "U S Postal Service FCU": 114.45805950514296,
  "Utah First FCU": 113.36336988679795,
  "Veridian Credit Union": 107.1035416531904,
  "Northwest FCU": 104.50086080862093,
  "Pennsylvania State Employees": 104.45938880031827,
  "Summit Credit Union (WI)": 100.99959852847496,
  "Country Bank (MA)": 96.7940408210834,
  "Teachers FCU": 91.19396756017704,
  "Mountain America Credit": 83.23398600220753,
  "RTN FCU": 80.26547757406115,
  "United FCU": 80.2378930757568,
  "Zeal Credit Union": 80.2378930757568,
  "NASA FCU": 80.2378930757568,
  "Financial Partners Credit": 80.2378930757568,
  "State Department FCU": 80.2378930757568,
  "First Flight FCU": 80.2378930757568,
  "Allegacy FCU": 78.84326059820523,
  "BECU (Boeing Employees Credit": 75.48880860736608,
  "UNIFY Financial Credit": 74.96164550872527,
  "The Adirondack Trust": 71.37672241427208,
  "Premier Members Credit": 71.04557866743016,
  "Bellco Credit Union": 69.73508658343962,
  "Louisiana National Bank": 68.12130342360797,
  "Department Of Commerce": 67.48413374576012,
  "Great Lakes Credit Union": 67.26343549104422,
  "Liberty FCU": 66.66221915567439,
  "Achieva Credit Union": 61.84517644839434,
  "Community Bank, National": 55.12943620668011,
  "Spectra Credit Union": 52.644836296360154,
  "Sun East FCU": 51.479949075477634,
  "City National Bank": 44.37208102357545,
  "People's Credit Union": 40.03881877613276,
  "Sidney FCU": 40.03881877613276,
  "Chartway FCU": 40.03881877613276,
  "California Coast Credit": 40.03881877613276,
  "Kinecta FCU": 40.03881877613276,
  "Wayne Bank": 40.03881877613276,
  "Investors Bank": 40.03881877613276,
  "TD Bank": 38.46276532813863,
  "Chase Bank": 36.74401819817649,
  "Princeton FCU": 35.7816495214538,
  "Consumers Credit Union": 35.62217826856249,
  "Armed Forces Bank": 35.58918453262777,
  "Pima FCU": 32.79060607486281,
  "Chemung Canal Trust": 31.507045727734294,
  "Orion FCU": 28.745327159576846,
  "Salem Five": 28.517279042489463,
  "M&T Bank": 14.906986360430892,
  "US Bank": 7.994974007744531,
  "Comerica Bank": 7.994974007744531
}