{
  "Blue FCU": 6468.836094808688,
  "Langley FCU": 1355.6162423096812,
  "Salem Five Direct": 1326.9653864832762,
  "SFGI Direct": 1320.408986853401,
  "Synchrony Bank": 1287.9217845162348,
  "Ally Bank": 1226.4451249704198,
  "SmartyPig": 1218.6614036790415,
  "Discover": 1185.8797968580548,
  "American Express": 1182.3928718126917,
  "Barclays": 1151.1735229343685,
  "FNBO Direct": 1142.9879119218003,
  "Sallie Mae Bank": 1119.7588799081768,
  "DollarSavingsDirect": 1052.189288640422,
  "Colorado Federal Savings": 1042.4234910648447,
  "iGObanking": 891.4367920446966,
  "Prime Alliance": 676.0406331775848,
  "EmigrantDirect.com": 576.419591023363,
  "Presidential Bank (MD)": 505.00574357223013,
  "First Technology FCU": 494.5187207405779,
  "SEFCU": 472.44736825448126,
  "Pen Air Credit Union": 464.33003868020205,
  "First Internet Bank": 462.6971816124351,
  "USAA Bank": 451.3046845601093,
  "North American Savings": 445.8132536953599,
  "Lafayette FCU": 384.6990966141111,
  "Newtown Savings": 374.4550171141127,
  "Spectrum Credit Union": 359.8843624130968,
  "Visions FCU": 357.64199991507485,
  "CNB Bank Direct": 352.82892754354725,
  "Third Federal Savings and": 352.63396051918426,
  "Chevron FCU": 336.86295104053534,
  "Technology Credit Union": 328.86823397066473,
  "Parda FCU": 294.34346059656673,
  "Pacific National Bank": 291.2131286234671,
  "Hope FCU": 281.42021408944674,
  "Peoples Security Bank and": 269.62435114313485,
  "Alabama Credit Union": 268.16731485236414,
  "Northrop Grumman FCU": 258.865516292135,
  "Credit Human": 254.84994769840523,
  "Interior FCU": 254.17566691403772,
  "Abound Credit Union": 243.09876212146628,
  "Self-Help Credit Union": 235.833011209681,
  "University FCU": 221.63892240699897,
  "Premier America Credit": 217.91504601308588,
  "Principal Bank": 213.3303318517883,
  "Latino Credit Union": 196.522022825593,
  "Charles Schwab Bank": 187.99659535440696,
  "Empower FCU": 182.82880875408046,
  "Patelco Credit Union": 175.71620744652682,
  "American 1 Credit Union": 173.77990040953227,
  "Northwest FCU": 155.14970825816636,
  "United States Senate": 154.974303458941,
  "Salal Credit Union": 153.410997554176,
  "Wings Financial Credit Union": 152.7574139441258,
  "Teachers FCU": 152.6877790041999,
  "Hughes FCU": 149.2670797847386,
  "La Capitol FCU": 148.65541192682213,
  "Veridian Credit Union": 145.4861989397068,
  "U S Postal Service FCU": 144.84693175746725,
  "Securityplus": 138.7062862426119,
  "Pennsylvania State Employees": 134.81822006323637,
  "Country Bank (MA)": 127.12984155886988,
  "Utah First FCU": 123.59272047853847,
  "RTN FCU": 120.66717832738505,
  "Department Of Commerce": 107.83460687713705,
  "UNIFY Financial Credit": 105.23185085142723,
  "Mountain America Credit": 103.42060621250857,
  "State Department FCU": 100.69524099212504,
  "United FCU": 100.4185151122947,
  "Zeal Credit Union": 100.4185151122947,
  "NASA FCU": 100.4185151122947,
  "Financial Partners Credit": 100.4185151122947,
  "First Flight FCU": 100.4185151122947,
  "Allegacy FCU": 99.02109058247515,
  "BECU (Boeing Employees Credit": 95.6599229835083,
  "The Adirondack Trust": 91.5396043996625,
  "Liberty FCU": 88.83322179064089,
  "Louisiana National Bank": 88.41586402793655,
  "Achieva Credit Union": 81.98897629212115,
  "Premier Members Credit": 81.1216545428706,
  "Bellco Credit Union": 79.80985131230227,
  "Great Lakes Credit Union": 77.33572733422807,
  "City National Bank": 74.55038007117764,
  "Community Bank, National": 69.90339802856215,
  "Sun East FCU": 67.57517210038168,
  "Chase Bank": 64.41746134290588,
  "Spectra Credit Union": 63.681249025579746,
  "Wayne Bank": 51.226615788216805,
  "People's Credit Union": 50.08387240440425,
  "Sidney FCU": 50.08387240440425,
  "Chartway FCU": 50.08387240440425,
  "California Coast Credit": 50.08387240440425,
  "Kinecta FCU": 50.08387240440425,
  "Princeton FCU": 47.25372852836517,
  "Armed Forces Bank": 46.86836241045603,
  "Consumers Credit Union": 45.66281305028133,
  "Pima FCU": 42.82840787005807,
  "Chemung Canal Trust": 41.5435633214438,
  "Orion FCU": 38.7790816553279,
  "Salem Five": 38.55080537620779,
  "M&T Bank": 18.913749356104745,
  "US Bank": 9.996772902144585,
  "Comerica Bank": 9.996772902144585
}