{
  "Blue FCU": 8197.11476596032,
  "SFGI Direct": 1558.757057914756,
  "Salem Five Direct": 1556.0827962534277,
  "SmartyPig": 1448.6143315549798,
  "Ally Bank": 1438.66544640155,
  "Discover": 1402.6739130995193,
  "American Express": 1398.1045030804562,
  "Sallie Mae Bank": 1333.3866449521029,
  "FNBO Direct": 1316.0556702996982,
  "Colorado Federal Savings": 1250.7181758446222,
  "DollarSavingsDirect": 1224.2465815336109,
  "iGObanking": 1014.554907624597,
  "EmigrantDirect.com": 724.0308191084605,
  "Presidential Bank (MD)": 617.5144811334903,
  "North American Savings": 599.0908060650072,
  "Pen Air Credit Union": 569.4975800605134,
  "First Internet Bank": 554.3505314470931,
  "USAA Bank": 546.0012944606733,
  "CNB Bank Direct": 538.0522125557563,
  "Visions FCU": 489.633642274619,
  "Third Federal Savings and": 461.76516939377143,
  "Chevron FCU": 434.6869967055445,
  "Abound Credit Union": 384.7206606749278,
  "BECU (Boeing Employees Credit": 383.90621898344943,
  "Northrop Grumman FCU": 321.66383563594354,
  "Credit Human": 306.2524204948222,
  "University FCU": 278.77291826533474,
  "Empower FCU": 256.91515727760816,
  "Charles Schwab Bank": 251.96197040494735,
  "Teachers FCU": 242.24275050155302,
  "La Capitol FCU": 219.3288655422366,
  "Northwest FCU": 209.18461036910594,
  "Patelco Credit Union": 206.28912970137208,
  "Wings Financial Credit Union": 203.6481475424207,
  "UNIFY Financial Credit": 182.9932690195037,
  "Country Bank (MA)": 175.85675312941385,
  "Hughes FCU": 169.58589815560845,
  "RTN FCU": 161.2308090841252,
  "State Department FCU": 157.90459083268615,
  "United FCU": 152.50706325529063,
  "Mountain America Credit": 134.5676101446261,
  "Chase Bank": 134.18502360905768,
  "Louisiana National Bank": 131.7227744939737,
  "NASA FCU": 123.74551590834017,
  "The Adirondack Trust": 123.0105164255092,
  "Allegacy FCU": 122.4003288803051,
  "Financial Partners Credit": 120.63953872561615,
  "Achieva Credit Union": 111.74006390307841,
  "Community Bank, National": 110.85911102353202,
  "Orion FCU": 70.3751371889739,
  "People's Credit Union": 63.10232402013207,
  "Pima FCU": 55.98898821343937,
  "Consumers Credit Union": 55.713493481933256,
  "Chemung Canal Trust": 54.93661279648404,
  "Salem Five": 54.46004376852579,
  "M&T Bank": 23.95191956173221,
  "US Bank": 19.970590502513005,
  "Comerica Bank": 17.804866565833436
}