{
  "Digital FCU (DCU)": 4695.408445703062,
  "Blue FCU": 4179.2567659503875,
  "Salem Five Direct": 1000.3264600098282,
  "SFGI Direct": 991.1734025803798,
  "Synchrony Bank": 970.8663711126155,
  "Ally Bank": 923.5110337186215,
  "SmartyPig": 908.9745169856105,
  "Discover": 899.9332733443061,
  "American Express": 899.3569352800696,
  "FNBO Direct": 877.0291354155597,
  "DollarSavingsDirect": 871.325755486434,
  "Sallie Mae Bank": 852.3623019051283,
  "Barclays": 838.7608033406486,
  "MySavingsDirect": 825.5818240858098,
  "Quorum FCU": 794.1774660055326,
  "Bank5 Connect": 780.4946404983984,
  "Colorado Federal Savings": 764.4047331996171,
  "Langley FCU": 761.391080794172,
  "ableBanking": 748.4813609482171,
  "State Bank of India": 709.7845764618414,
  "iGObanking": 701.9837084609644,
  "Prime Alliance": 609.5018535252912,
  "Elements Financial": 532.9716470772364,
  "Affinity Plus FCU": 484.4302700303688,
  "EmigrantDirect.com": 418.9582878009842,
  "First Technology FCU": 384.57610076678975,
  "USAA Bank": 357.1687522808352,
  "SEFCU": 345.64464820165995,
  "Presidential Bank (MD)": 344.532861770811,
  "First Internet Bank": 337.8958051394202,
  "Pen Air Credit Union": 319.1055166107253,
  "KS StateBank": 304.41605211653587,
  "Lafayette FCU": 290.2327038561871,
  "Technology Credit Union": 285.7753090140013,
  "North American Savings": 284.9694717871189,
  "Third Federal Savings and": 282.0807024204587,
  "Spectrum Credit Union": 267.0641023083954,
  "CNB Bank Direct": 263.2487748959338,
  "Chevron FCU": 259.62674124537443,
  "Newtown Savings": 247.14019609444767,
  "Visions FCU": 224.2711525715822,
  "Parda FCU": 201.7191171770155,
  "Pacific National Bank": 183.72122620796654,
  "Alabama Credit Union": 183.44801293708406,
  "Northrop Grumman FCU": 182.21209706524678,
  "Credit Human": 178.22653247763446,
  "Hope FCU": 176.33050749999347,
  "Premier America Credit": 172.0378237422192,
  "Interior FCU": 163.15172059184442,
  "The Delaware National Bank": 157.96006882108668,
  "Self-Help Credit Union": 156.49915023940412,
  "Principal Bank": 155.73920145388183,
  "Abound Credit Union": 153.13277940430817,
  "Charles Schwab Bank": 151.3885911447942,
  "Hanscom FCU": 149.89256055577425,
  "University FCU": 145.26365729994177,
  "United States Senate": 136.39521295551094,
  "Manasquan Bank": 136.2204202127905,
  "Latino Credit Union": 135.52622817145675,
  "Patelco Credit Union": 130.02845293770588,
  "Peoples Security Bank and": 129.65487925960406,
  "Empower FCU": 128.78071513378018,
  "American 1 Credit Union": 128.10083968879735,
  "American Heritage FCU": 118.8289626887763,
  "Hughes FCU": 118.61544386590504,
  "Securityplus": 108.33578751344612,
  "Salal Credit Union": 107.49109368892823,
  "Wings Financial Credit Union": 104.5701479718773,
  "Utah First FCU": 103.25507535359975,
  "La Capitol FCU": 103.0891571686916,
  "U S Postal Service FCU": 99.29777662190463,
  "Veridian Credit Union": 91.95428225436808,
  "Pennsylvania State Employees": 89.314092649538,
  "Summit Credit Union (WI)": 85.85948816216114,
  "Country Bank (MA)": 81.66023404940643,
  "Northwest FCU": 79.27124521929181,
  "Mountain America Credit": 73.1558057519469,
  "United FCU": 70.16270741677363,
  "Zeal Credit Union": 70.16270741677363,
  "NASA FCU": 70.16270741677363,
  "Financial Partners Credit": 70.16270741677363,
  "State Department FCU": 70.16270741677363,
  "Hiway Credit Union": 70.16270741677363,
  "First Flight FCU": 70.16270741677363,
  "Teachers FCU": 70.03855160799867,
  "Allegacy FCU": 68.7694688727479,
  "Premier Members Credit": 66.01131799630821,
  "BECU (Boeing Employees Credit": 65.41836965264338,
  "Bellco Credit Union": 64.70148099405378,
  "Great Lakes Credit Union": 62.024309793965585,
  "The Adirondack Trust": 61.31039348477134,
  "RTN FCU": 60.12514884013035,
  "UNIFY Financial Credit": 59.86056271371672,
  "Louisiana National Bank": 58.05822828145938,
  "Department Of Commerce": 55.72999320641793,
  "Liberty FCU": 55.59499547991982,
  "Achieva Credit Union": 51.788374287580154,
  "Community Bank, National": 48.093315278143564,
  "Spectra Credit Union": 47.6197736904287,
  "Wells Fargo Bank": 46.45191630956106,
  "Sun East FCU": 43.4419895373303,
  "People's Credit Union": 35.02005759912936,
  "Sidney FCU": 35.02005759912936,
  "Chartway FCU": 35.02005759912936,
  "California Coast Credit": 35.02005759912936,
  "Kinecta FCU": 35.02005759912936,
  "Wayne Bank": 35.02005759912936,
  "Investors Bank": 35.02005759912936,
  "TD Bank": 33.44479198031331,
  "City National Bank": 31.51528941075776,
  "Princeton FCU": 30.765016395611383,
  "Consumers Credit Union": 30.6056248583227,
  "Armed Forces Bank": 30.572647615110327,
  "Chase Bank": 27.94305310889831,
  "Pima FCU": 27.775468095833276,
  "Chemung Canal Trust": 26.492549368040272,
  "Orion FCU": 23.732211313088555,
  "Salem Five": 23.50427719144318,
  "M&T Bank": 12.904205796778115,
  "PNC Bank": 7.054540971950701,
  "US Bank": 6.994224685415247,
  "Comerica Bank": 6.994224685415247
}