{
  "Digital FCU (DCU)": 415.7653171531638,
  "Blue FCU": 335.6236067174941,
  "Service Credit Union": 335.6236067174941,
  "Workers Credit Union": 237.83017499909147,
  "Affinity FCU": 206.89666332429442,
  "Bask Bank": 173.24652656181388,
  "First Foundation": 166.4428772790834,
  "BrioDirect": 165.38186649150884,
  "Bread Financial": 161.16939519256994,
  "My Banking Direct": 160.76010435109856,
  "Vio Bank": 158.86998793628482,
  "CIT Bank": 157.84324643981563,
  "TAB Bank": 155.7842686042677,
  "Personal Capital": 154.57395592097055,
  "Prime Alliance": 152.53803081323713,
  "CIBC Bank USA": 150.18801664261082,
  "SoFi Bank, N.A": 149.6237365302968,
  "Valleydirect": 149.275386994761,
  "Citizens Access": 148.60864523518285,
  "DollarSavingsDirect": 146.84569953743267,
  "Salem Five Direct": 146.76503989169214,
  "USALLIANCE": 146.19032823333146,
  "Quontic Bank": 145.82897645416233,
  "Synchrony Bank": 145.02271769954496,
  "Rising Bank": 141.3407882121046,
  "Northpointe Bank": 140.74328427608089,
  "Betterment": 137.4657365285584,
  "Live Oak Bank": 136.18858561252273,
  "Barclays": 135.79976454559255,
  "Capital One": 132.70407958920805,
  "Marcus by Goldman": 132.2183916471131,
  "SmartyPig": 131.21905348435757,
  "Sallie Mae Bank": 131.2190282966294,
  "Discover": 130.99708719208866,
  "Ally Bank": 129.95638651205627,
  "SFGI Direct": 127.80867466089512,
  "ConnectOne Bank": 127.13955141558472,
  "American Express": 126.37696590196538,
  "Colorado Federal Savings": 121.63435906842824,
  "TIAA Bank": 121.4816551417207,
  "Affirm": 121.35661971770969,
  "Quorum FCU": 120.26174099229138,
  "Alliant Credit Union": 116.89389279755596,
  "Heritage Bank": 114.90360899585176,
  "Seattle Bank": 114.61294403538159,
  "FNBO Direct": 114.39952379991519,
  "EmigrantDirect.com": 113.51309040642627,
  "MySavingsDirect": 108.38756586916679,
  "Lafayette FCU": 96.62007362523218,
  "CNB Bank Direct": 95.6796526621747,
  "PenFed Credit Union": 94.70382106355828,
  "Lake Michigan Credit": 85.09774074395864,
  "Bank5 Connect": 72.1756991441398,
  "Revolut": 68.43122942165246,
  "Westmark Credit Union": 67.391823893131,
  "Bank Onward (Bo)": 64.2043776415594,
  "Langley FCU": 63.14256377116908,
  "Flagstar Bank": 59.88999754675751,
  "Amalgamated Bank": 58.208830383802706,
  "Patelco Credit Union": 58.11209469028472,
  "Elements Financial": 55.96346884340164,
  "Third Federal Savings and": 52.754452857250726,
  "First Internet Bank": 42.39054284225858,
  "Pelican State Credit": 40.94625581071523,
  "Principal Bank": 40.3877513945954,
  "Axos Bank": 40.35759409861748,
  "SEFCU": 36.339401773520876,
  "State Bank of India": 36.24330943806672,
  "Technology Credit Union": 35.06380559484569,
  "Thrivent FCU": 34.610141544810176,
  "Newtown Savings": 34.27752080213759,
  "FACILE": 33.06802699702894,
  "iGObanking": 33.06802699702894,
  "USAA Bank": 32.600660355317814,
  "Wells Fargo Bank": 32.20158302951677,
  "Chevron FCU": 31.96856960634068,
  "Presidential Bank (MD)": 31.76245436313002,
  "Spectrum Credit Union": 31.76243789677028,
  "First Technology FCU": 30.910459268825434,
  "KS StateBank": 26.802779247709623,
  "MutualOne Bank": 26.44572146693281,
  "PurePoint Financial": 26.44572146693281,
  "North American Savings": 24.01496307149864,
  "Visions FCU": 23.86389349234196,
  "American 1 Credit Union": 23.342144960142832,
  "The Delaware National Bank": 21.719322998651478,
  "Empower FCU": 21.104326046035567,
  "Premier America Credit": 19.827768850549546,
  "Pen Air Credit Union": 19.761611297039053,
  "BECU (Boeing Employees Credit": 18.84777593092076,
  "Hughes FCU": 18.770938974805176,
  "Charles Schwab Bank": 18.501935978751135,
  "Credit Human": 18.386673611612423,
  "Parda FCU": 18.3317780601883,
  "Alabama Credit Union": 17.181805981750585,
  "Connexus Credit Union": 16.52042399453967,
  "Georgia Banking Company": 16.52042399453967,
  "Nationwide by Axos Bank": 16.52042399453967,
  "BankPurely": 16.52042399453967,
  "Hope FCU": 16.52042399453967,
  "Allegacy FCU": 16.08131301153844,
  "Northrop Grumman FCU": 15.230712102093094,
  "Pennsylvania State Employees": 14.791681468708703,
  "Interior FCU": 13.21416629858868,
  "Spectra Credit Union": 12.089423930194243,
  "Utah First FCU": 11.019733379314857,
  "American Heritage FCU": 10.569942658183209,
  "Wings Financial Credit Union": 9.908995406869508,
  "Northfield Bank": 9.908995406869508,
  "Latino Credit Union": 9.908995406869508,
  "Self-Help FCU": 9.908995406869508,
  "Self-Help Credit Union": 9.908995406869508,
  "TBK Bank": 9.908995406869508,
  "Abound Credit Union": 9.908995406869508,
  "United FCU": 6.604910963587827,
  "OneUnited Bank": 6.604910963587827,
  "BankMD": 6.604910963587827,
  "Peoples Security Bank and": 6.604910963587827,
  "UNIFY Financial Credit": 6.604910963587827,
  "Manasquan Bank": 6.604910963587827,
  "Marine FCU": 6.604910963587827,
  "Zeal Credit Union": 6.604910963587827,
  "Veridian Credit Union": 6.604910963587827,
  "Affinity Plus FCU": 6.604910963587827,
  "ableBanking": 6.604910963587827,
  "Pacific National Bank": 6.604910963587827,
  "NASA FCU": 6.604910963587827,
  "Financial Partners Credit": 6.604910963587827,
  "State Department FCU": 6.604910963587827,
  "La Capitol FCU": 6.604910963587827,
  "Bellco Credit Union": 6.604910963587827,
  "MapleMark Bank": 6.604910963587827,
  "Hanscom FCU": 6.604910963587827,
  "Securityplus": 6.604910963587827,
  "U S Postal Service FCU": 6.604910963587827,
  "Hiway Credit Union": 6.604910963587827,
  "First Flight FCU": 6.604910963587827,
  "Teachers FCU": 6.097740774268459,
  "United States Senate": 5.576890039174032,
  "Summit Credit Union (WI)": 4.62298164485037,
  "Country Bank (MA)": 3.9185722512193024,
  "Community Bank, National": 3.658199904688445,
  "Sun East FCU": 3.348503022765726,
  "People's Credit Union": 3.3019126131694065,
  "Sidney FCU": 3.3019126131694065,
  "Chartway FCU": 3.3019126131694065,
  "Louisiana National Bank": 3.3019126131694065,
  "The Adirondack Trust": 3.3019126131694065,
  "RTN FCU": 3.3019126131694065,
  "Mountain America Credit": 3.3019126131694065,
  "California Coast Credit": 3.3019126131694065,
  "Premier Members Credit": 3.3019126131694065,
  "Kinecta FCU": 3.3019126131694065,
  "Community Bank of": 3.3019126131694065,
  "Northwest FCU": 3.3019126131694065,
  "Department Of Commerce": 3.3019126131694065,
  "Wayne Bank": 3.3019126131694065,
  "Investors Bank": 3.3019126131694065,
  "Salal Credit Union": 3.3019126131694065,
  "State Bank of Texas (SBT)": 3.1210327983353636,
  "Pima FCU": 2.9182292433615658,
  "Achieva Credit Union": 2.8798648574484105,
  "Liberty FCU": 2.150914904728779,
  "NBT Bank, National": 1.981017299422092,
  "Consumers Credit Union": 1.981017299422092,
  "Princeton FCU": 1.981017299422092,
  "Santander Bank, N.A": 1.981017299422092,
  "Armed Forces Bank": 1.981017299422092,
  "Industrial Bank": 1.3206347794293833,
  "Chemung Canal Trust": 1.3206347794293833,
  "City National Bank": 1.3206347794293833,
  "TD Bank": 1.3206347794293833,
  "Great Lakes Credit Union": 1.142530530665681,
  "Union Bank (San Francisco,": 0.6602956809310854,
  "Bank of America": 0.6602956809310854,
  "Chase Bank": 0.6602956809310854,
  "KeyBank": 0.6602956809310854,
  "Orion FCU": 0.6602956809310854,
  "Citizens Bank (RI)": 0.6602956809310854,
  "M&T Bank": 0.6602956809310854,
  "University FCU": 0.6602956809310854,
  "PNC Bank": 0.6602956809310854,
  "US Bank": 0.6602956809310854,
  "Comerica Bank": 0.6602956809310854,
  "Salem Five": 0.6602956809310854
}