{
  "Digital FCU (DCU)": 255.0481593136319,
  "Blue FCU": 206.19260305165153,
  "Service Credit Union": 206.19260305165153,
  "Andrews FCU": 206.19260305165153,
  "Workers Credit Union": 146.3799537322011,
  "Affinity FCU": 143.89533018838665,
  "Bask Bank": 131.73359086284654,
  "First Foundation": 128.12039379240377,
  "BrioDirect": 126.3143474726985,
  "Vio Bank": 126.06739624522561,
  "CIT Bank": 123.00537587551844,
  "My Banking Direct": 122.49235551892707,
  "Bread Financial": 122.28442198293305,
  "DollarSavingsDirect": 122.20388834654477,
  "Personal Capital": 121.49411682606296,
  "TAB Bank": 120.59577771958902,
  "Valleydirect": 118.62424627678956,
  "Prime Alliance": 117.55482470522293,
  "Salem Five Direct": 117.4185674129094,
  "Northpointe Bank": 117.34976827889841,
  "CIBC Bank USA": 116.73163008544907,
  "Citizens Access": 116.54592038099145,
  "Rising Bank": 114.19049077264935,
  "Synchrony Bank": 113.98261833692777,
  "USALLIANCE": 111.98800736527664,
  "SoFi Bank, N.A": 111.91866606761323,
  "Betterment": 110.6720575254385,
  "Quontic Bank": 109.46736287410386,
  "Barclays": 106.98895422667556,
  "SmartyPig": 106.4490710130176,
  "Sallie Mae Bank": 106.4075279523513,
  "Capital One": 106.31060468106989,
  "Live Oak Bank": 106.14451391875082,
  "Marcus by Goldman": 104.09593344277346,
  "Discover": 103.99905349697292,
  "Ally Bank": 102.96112583270042,
  "American Express": 101.42510008188765,
  "ConnectOne Bank": 100.40084490923255,
  "SFGI Direct": 100.39851727018868,
  "Affirm": 99.80613168642776,
  "TIAA Bank": 97.80049656311166,
  "Quorum FCU": 97.59315957198487,
  "Heritage Bank": 96.61933838677214,
  "Colorado Federal Savings": 96.07180397971206,
  "FNBO Direct": 92.41868210143184,
  "Alliant Credit Union": 90.81804673900115,
  "MySavingsDirect": 90.74809259707763,
  "Seattle Bank": 90.56912550224115,
  "EmigrantDirect.com": 88.88312758269603,
  "CNB Bank Direct": 81.4673511314486,
  "Lafayette FCU": 79.70532753755288,
  "PenFed Credit Union": 71.89928715616406,
  "Lake Michigan Credit": 68.58843344768502,
  "Revolut": 66.65493037798842,
  "Bank5 Connect": 61.41946730610471,
  "Patelco Credit Union": 56.84457774241855,
  "Westmark Credit Union": 56.530485973271425,
  "Langley FCU": 50.606007303253136,
  "Flagstar Bank": 47.60523045899936,
  "Amalgamated Bank": 47.164713420324915,
  "Bank Onward (Bo)": 40.90479126927312,
  "One Finance": 40.90479126927312,
  "Elements Financial": 40.32703897560714,
  "Third Federal Savings and": 40.20333441335242,
  "Principal Bank": 33.22453090991803,
  "First Internet Bank": 32.62810046956656,
  "Wells Fargo Bank": 31.94871979997879,
  "SEFCU": 31.281275732144422,
  "USAA Bank": 28.80823747002796,
  "Pelican State Credit": 28.24502194890374,
  "Thrivent FCU": 26.33847670342766,
  "State Bank of India": 26.07479760010574,
  "Newtown Savings": 25.758922528990297,
  "Axos Bank": 24.932190928313503,
  "Technology Credit Union": 24.78662549654473,
  "First Technology FCU": 23.891306814077325,
  "Chevron FCU": 23.06747471086419,
  "Spectrum Credit Union": 22.888985565277835,
  "KS StateBank": 21.749459484492036,
  "Presidential Bank (MD)": 20.431663360182938,
  "FACILE": 20.431663360182938,
  "iGObanking": 20.431663360182938,
  "Visions FCU": 20.019869913530783,
  "North American Savings": 17.2613529815153,
  "The Delaware National Bank": 17.13784793142804,
  "American 1 Credit Union": 16.808533386869385,
  "MutualOne Bank": 16.342016195863835,
  "PurePoint Financial": 16.342016195863835,
  "BECU (Boeing Employees Credit": 15.628547680205884,
  "Empower FCU": 15.505071744863017,
  "Charles Schwab Bank": 15.428243532036504,
  "Allegacy FCU": 14.81909275628459,
  "Hughes FCU": 13.694233306227034,
  "Pennsylvania State Employees": 13.063252299016312,
  "Premier America Credit": 12.254026945118312,
  "Pen Air Credit Union": 12.213155422867203,
  "Credit Human": 12.075727827344963,
  "Parda FCU": 12.020866856622888,
  "Northrop Grumman FCU": 11.14863189841708,
  "Spectra Credit Union": 10.827706730286081,
  "Alabama Credit Union": 10.619295311213136,
  "Connexus Credit Union": 10.210653828713475,
  "Georgia Banking Company": 10.210653828713475,
  "Nationwide by Axos Bank": 10.210653828713475,
  "BankPurely": 10.210653828713475,
  "Hope FCU": 10.210653828713475,
  "Utah First FCU": 9.346800354845982,
  "Interior FCU": 8.16769494037726,
  "American Heritage FCU": 6.53362601803201,
  "Wings Financial Credit Union": 6.125150196718096,
  "Northfield Bank": 6.125150196718096,
  "Latino Credit Union": 6.125150196718096,
  "Self-Help FCU": 6.125150196718096,
  "Self-Help Credit Union": 6.125150196718096,
  "TBK Bank": 6.125150196718096,
  "Abound Credit Union": 6.125150196718096,
  "United FCU": 4.083019514340776,
  "OneUnited Bank": 4.083019514340776,
  "BankMD": 4.083019514340776,
  "Peoples Security Bank and": 4.083019514340776,
  "UNIFY Financial Credit": 4.083019514340776,
  "Manasquan Bank": 4.083019514340776,
  "Marine FCU": 4.083019514340776,
  "Zeal Credit Union": 4.083019514340776,
  "Veridian Credit Union": 4.083019514340776,
  "Affinity Plus FCU": 4.083019514340776,
  "ableBanking": 4.083019514340776,
  "Pacific National Bank": 4.083019514340776,
  "United States Senate": 4.083019514340776,
  "NASA FCU": 4.083019514340776,
  "Financial Partners Credit": 4.083019514340776,
  "State Department FCU": 4.083019514340776,
  "La Capitol FCU": 4.083019514340776,
  "Teachers FCU": 4.083019514340776,
  "Bellco Credit Union": 4.083019514340776,
  "MapleMark Bank": 4.083019514340776,
  "Hanscom FCU": 4.083019514340776,
  "Securityplus": 4.083019514340776,
  "U S Postal Service FCU": 4.083019514340776,
  "Hiway Credit Union": 4.083019514340776,
  "First Flight FCU": 4.083019514340776,
  "Summit Credit Union (WI)": 2.8579398195979593,
  "Country Bank (MA)": 2.657884736900087,
  "Sun East FCU": 2.3838436324967915,
  "People's Credit Union": 2.041302809902845,
  "Sidney FCU": 2.041302809902845,
  "Chartway FCU": 2.041302809902845,
  "Louisiana National Bank": 2.041302809902845,
  "The Adirondack Trust": 2.041302809902845,
  "RTN FCU": 2.041302809902845,
  "Achieva Credit Union": 2.041302809902845,
  "Mountain America Credit": 2.041302809902845,
  "California Coast Credit": 2.041302809902845,
  "Premier Members Credit": 2.041302809902845,
  "Kinecta FCU": 2.041302809902845,
  "Community Bank of": 2.041302809902845,
  "Northwest FCU": 2.041302809902845,
  "Department Of Commerce": 2.041302809902845,
  "Wayne Bank": 2.041302809902845,
  "Investors Bank": 2.041302809902845,
  "Salal Credit Union": 2.041302809902845,
  "Community Bank, National": 1.8933282887555833,
  "State Bank of Texas (SBT)": 1.8604457894307416,
  "NBT Bank, National": 1.2247320233200298,
  "Consumers Credit Union": 1.2247320233200298,
  "Princeton FCU": 1.2247320233200298,
  "Pima FCU": 1.2247320233200298,
  "Santander Bank, N.A": 1.2247320233200298,
  "Armed Forces Bank": 1.2247320233200298,
  "Great Lakes Credit Union": 0.8904501494707802,
  "Liberty FCU": 0.8904501494707802,
  "Industrial Bank": 0.8164714618833386,
  "Chemung Canal Trust": 0.8164714618833386,
  "City National Bank": 0.8164714618833386,
  "TD Bank": 0.8164714618833386,
  "Union Bank (San Francisco,": 0.4082274545526161,
  "Bank of America": 0.4082274545526161,
  "Chase Bank": 0.4082274545526161,
  "KeyBank": 0.4082274545526161,
  "Orion FCU": 0.4082274545526161,
  "Citizens Bank (RI)": 0.4082274545526161,
  "M&T Bank": 0.4082274545526161,
  "University FCU": 0.4082274545526161,
  "PNC Bank": 0.4082274545526161,
  "US Bank": 0.4082274545526161,
  "Comerica Bank": 0.4082274545526161,
  "Salem Five": 0.4082274545526161
}