{
  "Patelco Credit Union": 49.684858179696676,
  "Digital FCU (DCU)": 47.43967835039621,
  "Blue FCU": 38.42718130072353,
  "Service Credit Union": 38.42718130072353,
  "Andrews FCU": 38.42718130072353,
  "MySavingsDirect": 33.42360741881566,
  "UFB Direct": 31.576741973774915,
  "Salem Five Direct": 31.49979636131684,
  "Third Coast Bank,": 31.494298975418133,
  "Upgrade": 31.480559713188995,
  "Bask Bank": 31.126068402316378,
  "Customers Bank": 31.115076835918444,
  "Vio Bank": 30.807311459446282,
  "BMO Harris Bank": 30.730371538022155,
  "Valleydirect": 30.730371538022155,
  "First Foundation": 30.730371538022155,
  "ConnectOne Bank": 30.19455146522887,
  "CIT Bank": 30.015955726430548,
  "Personal Capital": 29.46643739910178,
  "My Banking Direct": 29.46643356052482,
  "BrioDirect": 28.807058443466303,
  "Citizens Access": 28.807058443466303,
  "Synchrony Bank": 28.46364613334481,
  "Betterment": 28.353754815019784,
  "LendingClub": 28.03783278048104,
  "Bread Financial": 27.98288489196966,
  "TAB Bank": 27.960913343385982,
  "SoFi Bank, N.A": 27.570829159667483,
  "Prime Alliance": 27.488418238950544,
  "CIBC Bank USA": 27.46369688505729,
  "Workers Credit Union": 27.345578328166084,
  "DollarSavingsDirect": 26.884100960678552,
  "Rising Bank": 26.884100960678552,
  "Affinity FCU": 26.884100960678552,
  "Quontic Bank": 26.636888459777765,
  "Barclays": 26.11501752467302,
  "Affirm": 25.44211494634328,
  "Capital One": 25.345990972375148,
  "TIAA Bank": 25.249863575105337,
  "Live Oak Bank": 25.126275420516322,
  "USALLIANCE": 25.098815509503765,
  "Discover": 25.016424415844085,
  "Marcus by Goldman": 25.016424415844085,
  "Northpointe Bank": 24.961499026343517,
  "American Express": 24.934034469524704,
  "SFGI Direct": 24.83242214568054,
  "Ally Bank": 24.604481455377027,
  "Sallie Mae Bank": 24.41224930658791,
  "SmartyPig": 23.808108502667892,
  "Seattle Bank": 23.808108502667892,
  "Heritage Bank": 23.193019212718355,
  "Laurel Road": 23.039252577162188,
  "FNBO Direct": 23.039252577162188,
  "Colorado Federal Savings": 22.819589385011568,
  "CNB Bank Direct": 22.352820952726688,
  "Quorum FCU": 22.215537044268785,
  "Lafayette FCU": 21.58126168398485,
  "Alliant Credit Union": 20.59576657947582,
  "EmigrantDirect.com": 19.19582588100093,
  "Revolut": 17.823516592152373,
  "PenFed Credit Union": 17.32953028535303,
  "Lake Michigan Credit": 17.274645507543028,
  "Westmark Credit Union": 16.810870322318806,
  "Dover FCU": 15.353820366117361,
  "Wells Fargo Bank": 15.353820366117361,
  "Langley FCU": 15.353820366117361,
  "Amalgamated Bank": 14.942260081646964,
  "Flagstar Bank": 12.665261837453727,
  "Bank5 Connect": 11.513235526317658,
  "SEFCU": 10.964690455379241,
  "Principal Bank": 9.121816614189811,
  "Third Federal Savings and": 8.606307911448312,
  "Bank Onward (Bo)": 7.674070855848186,
  "Elements Financial": 7.674070855848186,
  "One Finance": 7.674070855848186,
  "Thrivent FCU": 7.608268511403367,
  "USAA Bank": 6.9064082975619385,
  "First Internet Bank": 6.138802521772959,
  "Newtown Savings": 5.755020926044381,
  "State Bank of India": 5.755020926044381,
  "KS StateBank": 5.755020926044381,
  "Pelican State Credit": 5.755020926044381,
  "First Technology FCU": 5.549429416054409,
  "Spectrum Credit Union": 5.549429134433012,
  "Chevron FCU": 5.508311283037983,
  "Visions FCU": 4.960089654607145,
  "Technology Credit Union": 4.8340030072613445,
  "Axos Bank": 4.680507969025712,
  "Empower FCU": 4.11040329359821,
  "Allegacy FCU": 3.8363258488807332,
  "BECU (Boeing Employees Credit": 3.8363258488807332,
  "American 1 Credit Union": 3.8363258488807332,
  "The Delaware National Bank": 3.8363258488807332,
  "Presidential Bank (MD)": 3.8363258488807332,
  "FACILE": 3.8363258488807332,
  "North American Savings": 3.8363258488807332,
  "iGObanking": 3.8363258488807332,
  "Charles Schwab Bank": 3.5458114659832063,
  "Pennsylvania State Employees": 3.4526294102197426,
  "Hughes FCU": 3.343003433134072,
  "Credit Human": 3.0689471626337763,
  "MutualOne Bank": 3.0689471626337763,
  "Parda FCU": 3.0689471626337763,
  "PurePoint Financial": 3.0689471626337763,
  "Northrop Grumman FCU": 2.6852791056153364,
  "Premier America Credit": 2.301625238664201,
  "Pen Air Credit Union": 2.293952306072242,
  "Alabama Credit Union": 1.9947123616348108,
  "Connexus Credit Union": 1.9179855612765095,
  "Georgia Banking Company": 1.9179855612765095,
  "Nationwide by Axos Bank": 1.9179855612765095,
  "BankPurely": 1.9179855612765095,
  "Utah First FCU": 1.9179855612765095,
  "Hope FCU": 1.9179855612765095,
  "Interior FCU": 1.5343600729302125,
  "American Heritage FCU": 1.2274698980709218,
  "Wings Financial Credit Union": 1.1507487731414585,
  "Northfield Bank": 1.1507487731414585,
  "Latino Credit Union": 1.1507487731414585,
  "Self-Help FCU": 1.1507487731414585,
  "Self-Help Credit Union": 1.1507487731414585,
  "TBK Bank": 1.1507487731414585,
  "Abound Credit Union": 1.1507487731414585,
  "United FCU": 0.7671516613900167,
  "OneUnited Bank": 0.7671516613900167,
  "BankMD": 0.7671516613900167,
  "Peoples Security Bank and": 0.7671516613900167,
  "UNIFY Financial Credit": 0.7671516613900167,
  "Manasquan Bank": 0.7671516613900167,
  "Marine FCU": 0.7671516613900167,
  "Zeal Credit Union": 0.7671516613900167,
  "Veridian Credit Union": 0.7671516613900167,
  "Affinity Plus FCU": 0.7671516613900167,
  "ableBanking": 0.7671516613900167,
  "Pacific National Bank": 0.7671516613900167,
  "United States Senate": 0.7671516613900167,
  "NASA FCU": 0.7671516613900167,
  "Country Bank (MA)": 0.7671516613900167,
  "Financial Partners Credit": 0.7671516613900167,
  "State Department FCU": 0.7671516613900167,
  "La Capitol FCU": 0.7671516613900167,
  "Teachers FCU": 0.7671516613900167,
  "Bellco Credit Union": 0.7671516613900167,
  "MapleMark Bank": 0.7671516613900167,
  "Hanscom FCU": 0.7671516613900167,
  "Securityplus": 0.7671516613900167,
  "U S Postal Service FCU": 0.7671516613900167,
  "Hiway Credit Union": 0.7671516613900167,
  "First Flight FCU": 0.7671516613900167,
  "Sun East FCU": 0.7260527872040257,
  "Community Bank, National": 0.6904338785097934,
  "Summit Credit Union (WI)": 0.5370002043800923,
  "People's Credit Union": 0.38356873718112183,
  "Sidney FCU": 0.38356873718112183,
  "Chartway FCU": 0.38356873718112183,
  "Louisiana National Bank": 0.38356873718112183,
  "The Adirondack Trust": 0.38356873718112183,
  "RTN FCU": 0.38356873718112183,
  "Achieva Credit Union": 0.38356873718112183,
  "Mountain America Credit": 0.38356873718112183,
  "California Coast Credit": 0.38356873718112183,
  "Premier Members Credit": 0.38356873718112183,
  "Kinecta FCU": 0.38356873718112183,
  "Community Bank of": 0.38356873718112183,
  "Spectra Credit Union": 0.38356873718112183,
  "Northwest FCU": 0.38356873718112183,
  "Great Lakes Credit Union": 0.38356873718112183,
  "Department Of Commerce": 0.38356873718112183,
  "Wayne Bank": 0.38356873718112183,
  "Investors Bank": 0.38356873718112183,
  "Salal Credit Union": 0.38356873718112183,
  "NBT Bank, National": 0.230139539904485,
  "Consumers Credit Union": 0.230139539904485,
  "Princeton FCU": 0.230139539904485,
  "Pima FCU": 0.230139539904485,
  "Santander Bank, N.A": 0.230139539904485,
  "Armed Forces Bank": 0.230139539904485,
  "State Bank of Texas (SBT)": 0.20274169187541702,
  "Industrial Bank": 0.15342579244861554,
  "Chemung Canal Trust": 0.15342579244861554,
  "City National Bank": 0.15342579244861554,
  "TD Bank": 0.15342579244861554,
  "Union Bank (San Francisco,": 0.07671261252107797,
  "Bank of America": 0.07671261252107797,
  "Chase Bank": 0.07671261252107797,
  "KeyBank": 0.07671261252107797,
  "Orion FCU": 0.07671261252107797,
  "Citizens Bank (RI)": 0.07671261252107797,
  "Liberty FCU": 0.07671261252107797,
  "M&T Bank": 0.07671261252107797,
  "University FCU": 0.07671261252107797,
  "PNC Bank": 0.07671261252107797,
  "US Bank": 0.07671261252107797,
  "Comerica Bank": 0.07671261252107797,