{
  "Digital FCU (DCU)": 630.9844460843997,
  "Blue FCU": 508.3558706591848,
  "Service Credit Union": 508.3558706591848,
  "Workers Credit Union": 359.36320792931474,
  "Affinity FCU": 274.7927577489172,
  "First Foundation": 186.09823864487407,
  "Vio Bank": 180.644208100608,
  "BrioDirect": 178.87030848622453,
  "TAB Bank": 176.67359230657348,
  "CIT Bank": 176.64553132077708,
  "Prime Alliance": 173.08622208285306,
  "Valleydirect": 170.45782003486784,
  "CIBC Bank USA": 168.98170697847672,
  "USALLIANCE": 168.1184434957613,
  "Quontic Bank": 168.02094988315548,
  "Affirm": 166.7005095889981,
  "Citizens Access": 164.27450053326174,
  "Synchrony Bank": 163.82912048767503,
  "Salem Five Direct": 161.2476171290309,
  "Personal Capital": 160.98863751342833,
  "DollarSavingsDirect": 159.9615932187371,
  "Rising Bank": 158.623437605831,
  "Live Oak Bank": 155.56287751621858,
  "SmartyPig": 154.75610621203123,
  "Barclays": 154.51951900560562,
  "Northpointe Bank": 152.51609684995492,
  "Marcus by Goldman": 149.74966104927262,
  "ConnectOne Bank": 149.36016267503146,
  "Discover": 148.19260338560343,
  "Capital One": 147.65032603978761,
  "Ally Bank": 146.95553860613836,
  "SFGI Direct": 145.61304697593914,
  "Sallie Mae Bank": 144.87058771041302,
  "Betterment": 144.75896716956413,
  "American Express": 143.7313830508192,
  "Colorado Federal Savings": 139.58899553609808,
  "TIAA Bank": 138.71657463076735,
  "Alliant Credit Union": 136.00914897121766,
  "Quorum FCU": 132.3994034194693,
  "FNBO Direct": 126.83534030626652,
  "EmigrantDirect.com": 126.58589809130899,
  "Heritage Bank": 122.28322908115842,
  "MySavingsDirect": 117.60004974574804,
  "PenFed Credit Union": 113.6940251608703,
  "Lake Michigan Credit": 106.85229026539855,
  "Lafayette FCU": 106.66632324007332,
  "CNB Bank Direct": 104.38501885170263,
  "Bank Onward (Bo)": 87.07447275033883,
  "Bank5 Connect": 85.54046590478902,
  "Flagstar Bank": 71.56894416189607,
  "Amalgamated Bank": 71.55506451070687,
  "Langley FCU": 71.48599381426175,
  "Revolut": 70.76792603134527,
  "Elements Financial": 69.63777020823363,
  "Axos Bank": 60.68149535979501,
  "Patelco Credit Union": 59.77939825039539,
  "Third Federal Savings and": 56.418172637295356,
  "Pelican State Credit": 55.93623256520914,
  "First Internet Bank": 50.716767222824274,
  "FACILE": 49.71185689973208,
  "iGObanking": 49.71185689973208,
  "Technology Credit Union": 48.3793285956599,
  "State Bank of India": 45.34876281422112,
  "Presidential Bank (MD)": 44.24113746118201,
  "Principal Bank": 43.716755907069455,
  "SEFCU": 42.995820448735685,
  "Chevron FCU": 41.95049025339904,
  "Spectrum Credit Union": 41.744153440486116,
  "Thrivent FCU": 41.26541331980661,
  "Newtown Savings": 40.93257197249295,
  "MutualOne Bank": 39.74980913462423,
  "PurePoint Financial": 39.74980913462423,
  "USAA Bank": 37.83820852862118,
  "First Technology FCU": 37.1920327169737,
  "Wells Fargo Bank": 32.534162850495704,
  "North American Savings": 32.32595211547414,
  "KS StateBank": 32.037300620404494,
  "Premier America Credit": 29.79760926541894,
  "Pen Air Credit Union": 29.698136965871527,
  "American 1 Credit Union": 27.29733282937923,
  "Visions FCU": 27.18741933218007,
  "Credit Human": 26.692996196859895,
  "Empower FCU": 26.692979545543494,
  "Parda FCU": 26.6380551311031,
  "The Delaware National Bank": 26.03919525934907,
  "Alabama Credit Union": 25.81948455398924,
  "Connexus Credit Union": 24.82519925766428,
  "Georgia Banking Company": 24.82519925766428,
  "Nationwide by Axos Bank": 24.82519925766428,
  "BankPurely": 24.82519925766428,
  "Hope FCU": 24.82519925766428,
  "Hughes FCU": 23.754104379800992,
  "Charles Schwab Bank": 20.162673479742807,
  "Interior FCU": 19.85524758405336,
  "Northrop Grumman FCU": 19.805827442492955,
  "BECU (Boeing Employees Credit": 19.51206110215753,
  "Allegacy FCU": 17.741649253004653,
  "Pennsylvania State Employees": 16.45180393175906,
  "American Heritage FCU": 15.881055431622372,
  "Wings Financial Credit Union": 14.887753032611727,
  "Northfield Bank": 14.887753032611727,
  "Latino Credit Union": 14.887753032611727,
  "Self-Help FCU": 14.887753032611727,
  "Self-Help Credit Union": 14.887753032611727,
  "TBK Bank": 14.887753032611727,
  "Abound Credit Union": 14.887753032611727,
  "Spectra Credit Union": 13.749098447990036,
  "Utah First FCU": 12.679230577652561,
  "United FCU": 9.922714391899717,
  "OneUnited Bank": 9.922714391899717,
  "BankMD": 9.922714391899717,
  "Peoples Security Bank and": 9.922714391899717,
  "Manasquan Bank": 9.922714391899717,
  "Marine FCU": 9.922714391899717,
  "Zeal Credit Union": 9.922714391899717,
  "Veridian Credit Union": 9.922714391899717,
  "Affinity Plus FCU": 9.922714391899717,
  "ableBanking": 9.922714391899717,
  "Pacific National Bank": 9.922714391899717,
  "NASA FCU": 9.922714391899717,
  "Financial Partners Credit": 9.922714391899717,
  "State Department FCU": 9.922714391899717,
  "La Capitol FCU": 9.922714391899717,
  "Bellco Credit Union": 9.922714391899717,
  "MapleMark Bank": 9.922714391899717,
  "Hanscom FCU": 9.922714391899717,
  "Securityplus": 9.922714391899717,
  "U S Postal Service FCU": 9.922714391899717,
  "Hiway Credit Union": 9.922714391899717,
  "First Flight FCU": 9.922714391899717,
  "Teachers FCU": 8.688692938303575,
  "UNIFY Financial Credit": 8.50223142780851,
  "United States Senate": 7.235484993443606,
  "Summit Credit Union (WI)": 6.944869540770014,
  "Community Bank, National": 5.979863892607682,
  "Country Bank (MA)": 5.576892311039046,
  "People's Credit Union": 4.960130451139776,
  "Sidney FCU": 4.960130451139776,
  "Chartway FCU": 4.960130451139776,
  "Louisiana National Bank": 4.960130451139776,
  "The Adirondack Trust": 4.960130451139776,
  "RTN FCU": 4.960130451139776,
  "Mountain America Credit": 4.960130451139776,
  "California Coast Credit": 4.960130451139776,
  "Premier Members Credit": 4.960130451139776,
  "Kinecta FCU": 4.960130451139776,
  "Community Bank of": 4.960130451139776,
  "Northwest FCU": 4.960130451139776,
  "Department Of Commerce": 4.960130451139776,
  "Wayne Bank": 4.960130451139776,
  "Investors Bank": 4.960130451139776,
  "Salal Credit Union": 4.960130451139776,
  "State Bank of Texas (SBT)": 4.779220652395452,
  "Sun East FCU": 4.011760537166992,
  "Achieva Credit Union": 3.874720874478953,
  "Liberty FCU": 3.808941945204424,
  "Pima FCU": 3.2498382851663337,
  "NBT Bank, National": 2.9757839198209695,
  "Consumers Credit Union": 2.9757839198209695,
  "Princeton FCU": 2.9757839198209695,
  "Santander Bank, N.A": 2.9757839198209695,
  "Armed Forces Bank": 2.9757839198209695,
  "Industrial Bank": 1.9837578389597184,
  "Chemung Canal Trust": 1.9837578389597184,
  "City National Bank": 1.9837578389597184,
  "TD Bank": 1.9837578389597184,
  "Great Lakes Credit Union": 1.4740807058587961,
  "Union Bank (San Francisco,": 0.9918298694537953,
  "Bank of America": 0.9918298694537953,
  "Chase Bank": 0.9918298694537953,
  "KeyBank": 0.9918298694537953,
  "Orion FCU": 0.9918298694537953,
  "Citizens Bank (RI)": 0.9918298694537953,
  "M&T Bank": 0.9918298694537953,
  "University FCU": 0.9918298694537953,
  "PNC Bank": 0.9918298694537953,
  "US Bank": 0.9918298694537953,
  "Comerica Bank": 0.9918298694537953,
  "Salem Five": 0.9918298694537953
}